1480546800;1;-1;-1;0.043210283;30399408;2927161;0.3781152;1;0.1;0.1;0.0001;0.1;0.1;0.0001
1480546800;2;-1;-1;-1;14668247;4495692;-1;1;0.1;0.1;0.0001;0.1;0.1;0.0001
1480546800;3;-1;-1;0.043006532;10735456;39346848;0.30174494;1;0.1;0.1;0.0001;0.1;0.1;0.0001
1480546800;4;-1;-1;-1;5569682;7896084;-1;1;0.1;0.1;0.0001;0.1;0.1;0.0001
1480546800;7;-1;-1;0.04674534;62552633;11907096;-1;1;0.1;0.1;0.0001;0.1;0.1;0.0001
1480546800;8;-1;-1;0.043546468;4092228;12212406;0.26603448;1;0.1;0.1;0.0001;0.1;0.1;0.0001
1480546800;13;-1;-1;0.012800593;22034256;18662082;0.4682511;1;0.1;0.1;0.0001;0.1;0.1;0.0001
1480546800;14;-1;-1;-1;26482563;34958012;0.16370414;1;0.1;0.1;0.0001;0.1;0.1;0.0001
1480546800;27;-1;-1;0.034031343;4591799;3106531;0.15780331;1;0.1;0.1;0.0001;0.1;0.1;0.0001
1480546800;32;-1;-1;0.01218425;7615264;0.73274434;-1;1;0.1;0.1;0.0001;0.1;0.1;0.0001
1480546800;41;-1;-1;-1;8694656;10075235;-1;1;0.1;0.1;0.0001;0.1;0.1;0.0001
1480546800;43;7.52;27.4;0.035661343;6085196;0.7632754;0.34275392;1;0.1;0.1;0.0001;0.1;0.1;0.0001
1480546800;44;-1;-1;0.0370825;1296758;24730122;0.07213666;1;0.1;0.1;0.0001;0.1;0.1;0.0001
1480546800;46;-1;-1;0.027480781;8439556;-1;0.86526465;1;0.1;0.1;0.0001;0.1;0.1;0.0001
1480546800;48;-1;-1;0.034876905;99861;32935333;0.27178693;1;0.1;0.1;0.0001;0.1;0.1;0.0001
1480546800;49;4.76;-1;0.041076;1424308;19425359;0.34531152;1;0.1;0.1;0.0001;0.1;0.1;0.0001
1480546800;50;-1;-1;0.03328256;8513961;2247846;0.6909111;1;0.1;0.1;0.0001;0.1;0.1;0.0001
1480546800;51;-1;-1;0.005251656;1474265;10991166;0.3323838;1;0.1;0.1;0.0001;0.1;0.1;0.0001
1480546800;52;-1;-1;-1;30197454;22020495;0.24945809;1;0.1;0.1;0.0001;0.1;0.1;0.0001
1480546800;53;-1;-1;-1;24564;18394938;0.39521536;1;0.1;0.1;0.0001;0.1;0.1;0.0001
1480546800;54;-1;-1;0.012703813;17649727;-1;0.3998592;1;0.1;0.1;0.0001;0.1;0.1;0.0001
1480546800;55;-1;-1;0.014298156;21741955;13586302;-1;1;0.1;0.1;0.0001;0.1;0.1;0.0001
1480546800;57;-1;-1;0.001986563;32626217;16410421;0.41401765;1;0.1;0.1;0.0001;0.1;0.1;0.0001
1480546800;59;-1;-1;0.025754001;6707002;12212406;0.31518763;1;0.1;0.1;0.0001;0.1;0.1;0.0001
1480546800;60;-1;-1;0.034316596;0.57397485;13319155;-1;1;0.1;0.1;0.0001;0.1;0.1;0.0001
1480547400;1;-1;-1;0.04293522;27742116;28164861;0.38158932;1;0.1;0.1;0.0001;0.1;0.1;0.0001
1480547400;2;-1;-1;-1;133396;43506694;-1;1;0.1;0.1;0.0001;0.1;0.1;0.0001
1480547400;3;-1;-1;0.042986155;0.5527165;425526;0.26359913;1;0.1;0.1;0.0001;0.1;0.1;0.0001
1480547400;4;-1;-1;-1;47437958;6896193;-1;1;0.1;0.1;0.0001;0.1;0.1;0.0001
1480547400;5;-1;-1;0.041952126;19770246;11067493;0.2209229;1;0.1;0.1;0.0001;0.1;0.1;0.0001
1480547400;6;-1;-1;-1;27157514;0.54574186;-1;1;0.1;0.1;0.0001;0.1;0.1;0.0001
1480547400;7;-1;-1;0.047045875;6839867;12212406;-1;1;0.1;0.1;0.0001;0.1;0.1;0.0001
1480547400;8;-1;-1;0.044499;41506886;14158758;0.26283967;1;0.1;0.1;0.0001;0.1;0.1;0.0001
1480547400;9;-1;-1;0.035386283;8604308;33278806;-1;1;0.1;0.1;0.0001;0.1;0.1;0.0001
1480547400;10;-1;-1;0.038462907;29655366;43125057;-1;1;0.1;0.1;0.0001;0.1;0.1;0.0001
1480547400;11;-1;-1;0.040154032;20673723;0.87013394;-1;1;0.1;0.1;0.0001;0.1;0.1;0.0001
1480547400;12;-1;-1;0.03718947;37202075;19387194;-1;1;0.1;0.1;0.0001;0.1;0.1;0.0001
1480547400;13;-1;-1;0.014812625;22161808;16792059;0.48227865;1;0.1;0.1;0.0001;0.1;0.1;0.0001
1480547400;14;-1;-1;-1;23113117;34271061;0.12826431;1;0.1;0.1;0.0001;0.1;0.1;0.0001
1480547400;15;-1;-1;-1;3685131;24272158;10896355;1;0.1;0.1;0.0001;0.1;0.1;0.0001
1480547400;16;-1;-1;0.003606375;35474834;0.71366245;0.7373669;1;0.1;0.1;0.0001;0.1;0.1;0.0001
1480547400;17;-1;-1;0.011262282;8343894;20264962;0.115432635;1;0.1;0.1;0.0001;0.1;0.1;0.0001
1480547400;26;-1;-1;0.033063535;89550705;16982876;0.3643146;1;0.1;0.1;0.0001;0.1;0.1;0.0001
1480547400;33;-1;-1;-1;9624708;15876127;0.38785678;1;0.1;0.1;0.0001;0.1;0.1;0.0001
1480547400;34;-1;-1;-1;10852376;1782248;0.4422037;1;0.1;0.1;0.0001;0.1;0.1;0.0001
1480547400;35;-1;-1;-1;12675278;6197796;0.29122648;1;0.1;0.1;0.0001;0.1;0.1;0.0001
1480547400;39;-1;-1;-1;23703036;34881685;-1;1;0.1;0.1;0.0001;0.1;0.1;0.0001
1480547400;40;-1;-1;0.0325185;22905848;25989525;-1;1;0.1;0.1;0.0001;0.1;0.1;0.0001
1480547400;44;-1;-1;0.03783128;14136789;23318064;0.07070511;1;0.1;0.1;0.0001;0.1;0.1;0.0001
1480547400;46;-1;-1;0.028382376;11325374;-1;13878714;1;0.1;0.1;0.0001;0.1;0.1;0.0001
1480547400;48;-1;-1;0.03360347;10655736;32133894;0.27657917;1;0.1;0.1;0.0001;0.1;0.1;0.0001
1480547400;49;3.86;-1;0.03907925;11160622;20532107;0.41308367;1;0.1;0.1;0.0001;0.1;0.1;0.0001
1480547400;50;-1;-1;0.030786624;10740769;26371164;0.7160507;1;0.1;0.1;0.0001;0.1;0.1;0.0001
1480547400;51;-1;-1;0.0035045;2429827;12975682;0.30655465;1;0.1;0.1;0.0001;0.1;0.1;0.0001
1480547400;52;-1;-1;-1;26705774;19196377;0.1915672;1;0.1;0.1;0.0001;0.1;0.1;0.0001
1480547400;53;-1;-1;-1;24478966;1862392;0.39377505;1;0.1;0.1;0.0001;0.1;0.1;0.0001
1480547400;54;-1;-1;0.013758219;14136788;-1;0.3998592;1;0.1;0.1;0.0001;0.1;0.1;0.0001
1480547400;55;-1;-1;0.015036751;21465595;15074688;-1;1;0.1;0.1;0.0001;0.1;0.1;0.0001
1480547400;56;-1;-1;0.033379342;44164176;0;0.20221661;1;0.1;0.1;0.0001;0.1;0.1;0.0001
1480547400;57;-1;-1;0.00150775;32312656;19501686;0.4906585;1;0.1;0.1;0.0001;0.1;0.1;0.0001
1480547400;58;-1;-1;0.007854562;15986262;0.42361784;0.3998592;1;0.1;0.1;0.0001;0.1;0.1;0.0001
1480547400;59;-1;-1;0.02445;546339;13700793;0.33969003;1;0.1;0.1;0.0001;0.1;0.1;0.0001
1480547400;60;-1;-1;0.035060283;0.70683944;15303673;-1;1;0.1;0.1;0.0001;0.1;0.1;0.0001
1480547400;61;-1;-1;-1;47724943;289663;0.19511119;1;0.1;0.1;0.0001;0.1;0.1;0.0001
1480548000;1;-1;-1;0.042863905;25084825;28546498;0.37565362;1;0.1;0.1;0.0001;0.1;0.1;0.0001
1480548000;2;-1;-1;-1;133396;4385017;-1;1;0.1;0.1;0.0001;0.1;0.1;0.0001
1480548000;3;-1;-1;0.042390186;0.43048114;39499502;0.30513182;1;0.1;0.1;0.0001;0.1;0.1;0.0001
1480548000;4;-1;-1;-1;3420465;37820294;-1;1;0.1;0.1;0.0001;0.1;0.1;0.0001
1480548000;5;-1;-1;0.041727997;0.6271206;10609528;0.22163868;1;0.1;0.1;0.0001;0.1;0.1;0.0001
1480548000;6;-1;-1;-1;2986795;0.63733494;-1;1;0.1;0.1;0.0001;0.1;0.1;0.0001
1480548000;7;-1;-1;0.046679124;64572167;11716276;-1;1;0.1;0.1;0.0001;0.1;0.1;0.0001
1480548000;9;-1;-1;0.034617126;9103878;32019403;-1;1;0.1;0.1;0.0001;0.1;0.1;0.0001
1480548000;10;-1;-1;0.03469353;7334123;4301057;-1;1;0.1;0.1;0.0001;0.1;0.1;0.0001
1480548000;11;-1;-1;0.04005725;20142264;0.8548684;-1;1;0.1;0.1;0.0001;0.1;0.1;0.0001
1480548000;12;-1;-1;0.037006095;33003554;22096822;-1;1;0.1;0.1;0.0001;0.1;0.1;0.0001
1480548000;13;-1;-1;0.015352562;1996157;18204118;0.5762466;1;0.1;0.1;0.0001;0.1;0.1;0.0001
1480548000;14;-1;-1;-1;13913576;34958012;0.14775622;1;0.1;0.1;0.0001;0.1;0.1;0.0001
1480548000;15;-1;-1;-1;38259674;2347072;10733559;1;0.1;0.1;0.0001;0.1;0.1;0.0001
1480548000;16;-1;-1;0.003310937;35012463;0.8739503;0.62510294;1;0.1;0.1;0.0001;0.1;0.1;0.0001
1480548000;17;-1;-1;0.007391031;11187195;20608435;0.11685546;1;0.1;0.1;0.0001;0.1;0.1;0.0001
1480548000;18;6.68;10.39;0.039517313;66379128;19081885;-1;1;0.1;0.1;0.0001;0.1;0.1;0.0001
1480548000;19;-1;-1;0.12296822;116920805;528301;0.40342063;1;0.1;0.1;0.0001;0.1;0.1;0.0001
1480548000;20;-1;-1;7.54E-04;0;0.77854085;0.54991984;1;0.1;0.1;0.0001;0.1;0.1;0.0001
1480548000;21;-1;-1;0.043678906;3762724;33431463;0.6411469;1;0.1;0.1;0.0001;0.1;0.1;0.0001
1480548000;22;-1;-1;-1;32897263;17440842;0.21723053;1;0.1;0.1;0.0001;0.1;0.1;0.0001
1480548000;23;19.49;0.03;-1;8508646;0.6106203;-1;1;0.1;0.1;0.0001;0.1;0.1;0.0001
1480548000;24;0;-1;-1;63084087;20532107;-1;1;0.1;0.1;0.0001;0.1;0.1;0.0001
1480548000;25;8.65;-1;0.036654625;6303094;0.5610074;-1;1;0.1;0.1;0.0001;0.1;0.1;0.0001
1480548000;27;-1;-1;0.034229998;43685865;3564496;0.1606839;1;0.1;0.1;0.0001;0.1;0.1;0.0001
1480548000;28;-1;-1;0.039140373;2556314;1610511;0.62802714;1;0.1;0.1;0.0001;0.1;0.1;0.0001
1480548000;29;-1;-1;0.031953093;1475328;4274342;0.090240665;1;0.1;0.1;0.0001;0.1;0.1;0.0001
1480548000;32;-1;-1;0.012729282;6185642;10037072;-1;1;0.1;0.1;0.0001;0.1;0.1;0.0001
1480548000;38;-1;-1;0.024006844;6037365;0.5419255;-1;1;0.1;0.1;0.0001;0.1;0.1;0.0001
1480548000;44;-1;-1;0.039751627;0.63243526;19921486;0.073376186;1;0.1;0.1;0.0001;0.1;0.1;0.0001
1480548000;46;-1;-1;0.024719968;9970156;-1;0.87875974;1;0.1;0.1;0.0001;0.1;0.1;0.0001
1480548000;48;-1;-1;0.0308885;13190792;33240643;0.29381025;1;0.1;0.1;0.0001;0.1;0.1;0.0001
1480548000;49;3.47;-1;0.040800937;16953517;2087558;0.42203093;1;0.1;0.1;0.0001;0.1;0.1;0.0001
1480548000;50;-1;-1;0.033776656;9236743;27516077;0.7102808;1;0.1;0.1;0.0001;0.1;0.1;0.0001
1480548000;51;-1;-1;0.005068281;17745388;0.9273796;0.36403528;1;0.1;0.1;0.0001;0.1;0.1;0.0001
1480548000;52;-1;-1;-1;26089283;2320357;0.19850677;1;0.1;0.1;0.0001;0.1;0.1;0.0001
1480548000;53;-1;-1;-1;2440456;1912005;0.39542484;1;0.1;0.1;0.0001;0.1;0.1;0.0001
1480548000;54;-1;-1;0.01343222;13212051;-1;0.3998592;1;0.1;0.1;0.0001;0.1;0.1;0.0001
1480548000;55;-1;-1;0.017033499;18287476;12937518;-1;1;0.1;0.1;0.0001;0.1;0.1;0.0001
1480548000;56;-1;-1;0.033297844;5431503;0;0.20820472;1;0.1;0.1;0.0001;0.1;0.1;0.0001
1480548000;57;-1;-1;3.82E-04;31488897;2389052;0.49982396;1;0.1;0.1;0.0001;0.1;0.1;0.0001
1480548000;58;-1;-1;0.005929125;17926085;0.38545406;0.4240124;1;0.1;0.1;0.0001;0.1;0.1;0.0001
1480548000;59;-1;-1;0.022035562;72437754;13357319;0.40026945;1;0.1;0.1;0.0001;0.1;0.1;0.0001
1480548000;60;-1;-1;0.03173406;0.5686603;12708535;-1;1;0.1;0.1;0.0001;0.1;0.1;0.0001
1480548000;61;-1;-1;0.027200626;39221616;28241189;0.20130877;1;0.1;0.1;0.0001;0.1;0.1;0.0001
1480548600;1;-1;-1;0.042695813;27051222;29462428;0.3794682;1;0.1;0.1;0.0001;0.1;0.1;0.0001
1480548600;2;-1;-1;-1;14508809;3808744;-1;1;0.1;0.1;0.0001;0.1;0.1;0.0001
1480548600;3;-1;-1;0.04108619;10044559;37820294;0.28309977;1;0.1;0.1;0.0001;0.1;0.1;0.0001
1480548600;4;-1;-1;-1;25711948;27706897;-1;1;0.1;0.1;0.0001;0.1;0.1;0.0001
1480548600;5;-1;-1;0.042043813;1424308;1114382;0.22198784;1;0.1;0.1;0.0001;0.1;0.1;0.0001
1480548600;6;-1;-1;-1;29708514;0.3625558;-1;1;0.1;0.1;0.0001;0.1;0.1;0.0001
1480548600;7;-1;-1;0.046735156;62499485;11181984;-1;1;0.1;0.1;0.0001;0.1;0.1;0.0001
1480548600;8;-1;-1;0.043510813;4055026;13738956;0.2624818;1;0.1;0.1;0.0001;0.1;0.1;0.0001
1480548600;9;-1;-1;0.035508532;8019704;3320248;-1;1;0.1;0.1;0.0001;0.1;0.1;0.0001
1480548600;10;-1;-1;0.034769937;6478475;443463;-1;1;0.1;0.1;0.0001;0.1;0.1;0.0001
1480548600;11;-1;-1;0.039985936;19291933;0.60680395;-1;1;0.1;0.1;0.0001;0.1;0.1;0.0001
1480548600;12;-1;-1;0.037123248;32259514;1904372;-1;1;0.1;0.1;0.0001;0.1;0.1;0.0001
1480548600;13;-1;-1;0.019794313;18149298;13509974;0.50661516;1;0.1;0.1;0.0001;0.1;0.1;0.0001
1480548600;14;-1;-1;-1;1862761;29576921;0.10630207;1;0.1;0.1;0.0001;0.1;0.1;0.0001
1480548600;15;-1;-1;-1;3980622;25607889;10766468;1;0.1;0.1;0.0001;0.1;0.1;0.0001
1480548600;16;-1;-1;0.003336406;3501778;0.3930868;0.6354032;1;0.1;0.1;0.0001;0.1;0.1;0.0001
1480548600;17;-1;-1;0.004589469;17554064;19959651;0.17368142;1;0.1;0.1;0.0001;0.1;0.1;0.0001
1480548600;18;7.08;11.34;0.037184376;71002812;33660443;-1;1;0.1;0.1;0.0001;0.1;0.1;0.0001
1480548600;20;-1;-1;0.15799285;0.010629164;0.88158303;0.53185076;1;0.1;0.1;0.0001;0.1;0.1;0.0001
1480548600;24;0;-1;-1;9428068;21333547;-1;1;0.1;0.1;0.0001;0.1;0.1;0.0001
1480548600;26;-1;-1;0.03459675;9582191;16181437;0.3651875;1;0.1;0.1;0.0001;0.1;0.1;0.0001
1480548600;27;-1;-1;0.033623844;4145374;37324164;0.15739305;1;0.1;0.1;0.0001;0.1;0.1;0.0001
1480548600;28;-1;-1;0.038855124;25191116;17631661;0.67134935;1;0.1;0.1;0.0001;0.1;0.1;0.0001
1480548600;33;-1;-1;-1;11484812;15685309;0.41352013;1;0.1;0.1;0.0001;0.1;0.1;0.0001
1480548600;35;-1;-1;-1;1601815;59802628;0.28364968;1;0.1;0.1;0.0001;0.1;0.1;0.0001
1480548600;36;-1;-1;0.020186532;857242;10189726;-1;1;0.1;0.1;0.0001;0.1;0.1;0.0001
1480548600;37;-1;-1;-1;4565226;18013299;-1;1;0.1;0.1;0.0001;0.1;0.1;0.0001
1480548600;40;-1;-1;0.03430131;15359142;25646052;-1;1;0.1;0.1;0.0001;0.1;0.1;0.0001
1480548600;41;-1;-1;-1;65156775;1347181;-1;1;0.1;0.1;0.0001;0.1;0.1;0.0001
1480548600;43;7.48;31.72;0.035880376;686644;1133464;0.35269627;1;0.1;0.1;0.0001;0.1;0.1;0.0001
1480548600;44;-1;-1;0.038707405;0.93005186;2743975;0.0726604;1;0.1;0.1;0.0001;0.1;0.1;0.0001
1480548600;46;-1;-1;0.024174936;1238829;-1;1083403;1;0.1;0.1;0.0001;0.1;0.1;0.0001
1480548600;48;-1;-1;0.03250322;11649564;30721834;0.29665592;1;0.1;0.1;0.0001;0.1;0.1;0.0001
1480548600;49;3.53;-1;0.04093847;28433013;20684762;0.39738014;1;0.1;0.1;0.0001;0.1;0.1;0.0001
1480548600;50;-1;-1;0.028667625;14886145;2701995;0.6952407;1;0.1;0.1;0.0001;0.1;0.1;0.0001
1480548600;51;-1;-1;0.005002062;14051755;0.9388287;0.38152823;1;0.1;0.1;0.0001;0.1;0.1;0.0001
1480548600;52;-1;-1;-1;27423243;2217315;0.18199146;1;0.1;0.1;0.0001;0.1;0.1;0.0001
1480548600;53;-1;-1;-1;19855278;18929229;0.42241502;1;0.1;0.1;0.0001;0.1;0.1;0.0001
1480548600;54;-1;-1;0.011073813;12818772;-1;0.3998592;1;0.1;0.1;0.0001;0.1;0.1;0.0001
1480548600;55;-1;-1;0.017242342;16911;1377712;-1;1;0.1;0.1;0.0001;0.1;0.1;0.0001
1480548600;56;-1;-1;0.034464315;36776907;0;0.21813834;1;0.1;0.1;0.0001;0.1;0.1;0.0001
1480548600;57;-1;-1;7.23E-04;3208413;18700247;0.49982396;1;0.1;0.1;0.0001;0.1;0.1;0.0001
1480548600;58;-1;-1;0.006871469;15933117;0.3969032;0.4598363;1;0.1;0.1;0.0001;0.1;0.1;0.0001
1480548600;59;-1;-1;0.022825094;6595396;14769378;0.4031413;1;0.1;0.1;0.0001;0.1;0.1;0.0001
1480548600;60;-1;-1;0.02609528;0.5899186;12212406;-1;1;0.1;0.1;0.0001;0.1;0.1;0.0001
1480548600;61;-1;-1;0.026217531;48150115;29004464;0.21654966;1;0.1;0.1;0.0001;0.1;0.1;0.0001
1480549200;1;-1;-1;0.042940315;266792;29195282;0.3804895;1;0.1;0.1;0.0001;0.1;0.1;0.0001
1480549200;2;-1;-1;-1;15837455;37896624;-1;1;0.1;0.1;0.0001;0.1;0.1;0.0001
1480549200;3;-1;-1;0.039991032;17272391;30836325;0.28055087;1;0.1;0.1;0.0001;0.1;0.1;0.0001
1480549200;4;-1;-1;-1;21439024;25951364;-1;1;0.1;0.1;0.0001;0.1;0.1;0.0001
1480549200;5;-1;-1;0.04190628;14296225;10456873;0.22270362;1;0.1;0.1;0.0001;0.1;0.1;0.0001
1480549200;6;-1;-1;-1;26041453;0.43888333;-1;1;0.1;0.1;0.0001;0.1;0.1;0.0001
1480549200;7;-1;-1;0.04651103;5899186;11983423;-1;1;0.1;0.1;0.0001;0.1;0.1;0.0001
1480549200;8;-1;-1;0.04350572;4783124;10800346;0.2639046;1;0.1;0.1;0.0001;0.1;0.1;0.0001
1480549200;9;-1;-1;0.03601281;7998446;3484352;-1;1;0.1;0.1;0.0001;0.1;0.1;0.0001
1480549200;10;-1;-1;0.03190725;9199541;4614;-1;1;0.1;0.1;0.0001;0.1;0.1;0.0001
1480549200;11;-1;-1;0.039960466;19079349;0.83197016;-1;1;0.1;0.1;0.0001;0.1;0.1;0.0001
1480549200;12;-1;-1;0.036990814;30718284;19463521;-1;1;0.1;0.1;0.0001;0.1;0.1;0.0001
1480549200;13;-1;-1;0.022336094;1386043;20493944;0.8695244;1;0.1;0.1;0.0001;0.1;0.1;0.0001
1480549200;14;-1;-1;-1;17591265;29958558;0.115511194;1;0.1;0.1;0.0001;0.1;0.1;0.0001
1480549200;15;-1;-1;-1;3931728;25073597;10220467;1;0.1;0.1;0.0001;0.1;0.1;0.0001
1480549200;16;-1;-1;0.003372063;3464576;0.9960743;0.70379514;1;0.1;0.1;0.0001;0.1;0.1;0.0001
1480549200;17;-1;-1;0.006667719;16448631;21028237;0.17333226;1;0.1;0.1;0.0001;0.1;0.1;0.0001
1480549200;19;-1;-1;0.11642275;12563671;38354588;0.44806087;1;0.1;0.1;0.0001;0.1;0.1;0.0001
1480549200;22;-1;-1;-1;21842933;1347181;0.21639253;1;0.1;0.1;0.0001;0.1;0.1;0.0001
1480549200;23;18.48;0.03;-1;69993043;0.9655433;-1;1;0.1;0.1;0.0001;0.1;0.1;0.0001
1480549200;25;9.81;-1;0.038957004;5133886;0.5304764;-1;1;0.1;0.1;0.0001;0.1;0.1;0.0001
1480549200;26;-1;-1;0.034927845;69461584;16219602;0.3628743;1;0.1;0.1;0.0001;0.1;0.1;0.0001
1480549200;27;-1;-1;0.03289544;52082906;3442372;0.16027364;1;0.1;0.1;0.0001;0.1;0.1;0.0001
1480549200;28;-1;-1;0.038646284;27529533;17975135;0.6276693;1;0.1;0.1;0.0001;0.1;0.1;0.0001
1480549200;29;-1;-1;0.026686156;2268795;70106845;0.46696797;1;0.1;0.1;0.0001;0.1;0.1;0.0001
1480549200;34;-1;-1;-1;14583213;14807543;0.41166085;1;0.1;0.1;0.0001;0.1;0.1;0.0001
1480549200;38;-1;-1;-1;69142714;0.49612898;-1;1;0.1;0.1;0.0001;0.1;0.1;0.0001
1480549200;44;-1;-1;0.038248967;10044559;2450114;0.07285245;1;0.1;0.1;0.0001;0.1;0.1;0.0001
1480549200;46;-1;-1;0.025524782;12377662;-1;10812731;1;0.1;0.1;0.0001;0.1;0.1;0.0001
1480549200;48;-1;-1;0.03364931;10576018;3007305;0.290083;1;0.1;0.1;0.0001;0.1;0.1;0.0001
1480549200;49;3.52;-1;0.04149878;19982828;20532107;0.38580546;1;0.1;0.1;0.0001;0.1;0.1;0.0001
1480549200;50;-1;-1;0.02227497;1576305;25989525;0.7082208;1;0.1;0.1;0.0001;0.1;0.1;0.0001
1480549200;51;-1;-1;0.004013875;13982665;0.8548684;0.38986447;1;0.1;0.1;0.0001;0.1;0.1;0.0001
1480549200;52;-1;-1;-1;29070765;2087558;0.26219374;1;0.1;0.1;0.0001;0.1;0.1;0.0001
1480549200;53;-1;-1;-1;1862761;19005557;0.3960446;1;0.1;0.1;0.0001;0.1;0.1;0.0001
1480549200;54;-1;-1;0.010554249;13010097;-1;0.3998592;1;0.1;0.1;0.0001;0.1;0.1;0.0001
1480549200;55;-1;-1;0.018312031;13934834;13815284;-1;1;0.1;0.1;0.0001;0.1;0.1;0.0001
1480549200;56;-1;-1;0.034229998;32153223;0;0.20051445;1;0.1;0.1;0.0001;0.1;0.1;0.0001
1480549200;57;-1;-1;5.71E-04;31552673;15876127;0.49982396;1;0.1;0.1;0.0001;0.1;0.1;0.0001
1480549200;58;-1;-1;0.004951125;17591265;0.2785955;0.49315503;1;0.1;0.1;0.0001;0.1;0.1;0.0001
1480549200;59;-1;-1;0.024852406;5213605;12746699;0.31712547;1;0.1;0.1;0.0001;0.1;0.1;0.0001
1480549200;60;-1;-1;0.02908022;0.72809774;12174243;-1;1;0.1;0.1;0.0001;0.1;0.1;0.0001
1480549200;61;-1;-1;0.026018877;64572167;28622828;0.21619177;1;0.1;0.1;0.0001;0.1;0.1;0.0001
1480549800;1;-1;-1;0.0429505;26466618;2847017;0.36955202;1;0.1;0.1;0.0001;0.1;0.1;0.0001
1480549800;2;-1;-1;-1;14987121;40491757;-1;1;0.1;0.1;0.0001;0.1;0.1;0.0001
1480549800;3;-1;-1;0.040266097;1424308;3595027;0.30089822;1;0.1;0.1;0.0001;0.1;0.1;0.0001
1480549800;4;-1;-1;-1;22783613;25531561;-1;1;0.1;0.1;0.0001;0.1;0.1;0.0001
1480549800;5;-1;-1;0.042619407;22161808;10914837;0.2212808;1;0.1;0.1;0.0001;0.1;0.1;0.0001
1480549800;6;-1;-1;-1;24978535;0.47323072;-1;1;0.1;0.1;0.0001;0.1;0.1;0.0001
1480549800;7;-1;-1;0.045894686;66432276;13204664;-1;1;0.1;0.1;0.0001;0.1;0.1;0.0001
1480549800;8;-1;-1;0.04391322;38052406;10380545;0.25963613;1;0.1;0.1;0.0001;0.1;0.1;0.0001
1480549800;9;-1;-1;0.03962428;5187032;33355134;-1;1;0.1;0.1;0.0001;0.1;0.1;0.0001
1480549800;10;-1;-1;0.031331655;10087076;4594918;-1;1;0.1;0.1;0.0001;0.1;0.1;0.0001
1480549800;11;-1;-1;0.040210065;18122725;0.8663175;-1;1;0.1;0.1;0.0001;0.1;0.1;0.0001
1480549800;12;-1;-1;0.03673103;28805034;17707988;-1;1;0.1;0.1;0.0001;0.1;0.1;0.0001
1480549800;13;-1;-1;0.025310842;11086218;16639403;0.79297084;1;0.1;0.1;0.0001;0.1;0.1;0.0001
1480549800;14;-1;-1;-1;10203998;31446943;0.08681016;1;0.1;0.1;0.0001;0.1;0.1;0.0001
1480549800;15;-1;-1;-1;36771595;2389052;0.98330724;1;0.1;0.1;0.0001;0.1;0.1;0.0001
1480549800;16;-1;-1;0.003326219;33827316;12174243;0.7121401;1;0.1;0.1;0.0001;0.1;0.1;0.0001
1480549800;17;-1;-1;0.002098625;17426516;20990074;0.28521216;1;0.1;0.1;0.0001;0.1;0.1;0.0001
1480549800;20;-1;-1;0.17043687;0;0.9884416;0.5290226;1;0.1;0.1;0.0001;0.1;0.1;0.0001
1480549800;24;0;-1;-1;5888557;20532107;-1;1;0.1;0.1;0.0001;0.1;0.1;0.0001
1480549800;25;9.79;-1;0.040108185;4613057;0.51521087;-1;1;0.1;0.1;0.0001;0.1;0.1;0.0001
1480549800;26;-1;-1;0.03576322;68504963;17059203;0.36400908;1;0.1;0.1;0.0001;0.1;0.1;0.0001
1480549800;27;-1;-1;0.032528687;47618656;33355134;0.15780331;1;0.1;0.1;0.0001;0.1;0.1;0.0001
1480549800;28;-1;-1;0.03894172;23649888;17784315;0.64239514;1;0.1;0.1;0.0001;0.1;0.1;0.0001
1480549800;32;-1;-1;0.014537563;61861736;0.7060297;-1;1;0.1;0.1;0.0001;0.1;0.1;0.0001
1480549800;33;-1;-1;-1;9162339;14196922;0.37786207;1;0.1;0.1;0.0001;0.1;0.1;0.0001
1480549800;35;-1;-1;-1;16422058;61558156;0.29023135;1;0.1;0.1;0.0001;0.1;0.1;0.0001
1480549800;36;-1;-1;0.017965656;9539675;10189726;-1;1;0.1;0.1;0.0001;0.1;0.1;0.0001
1480549800;38;-1;-1;0.025300656;7217202;0.50757813;-1;1;0.1;0.1;0.0001;0.1;0.1;0.0001
1480549800;41;-1;-1;-1;46236863;14425905;-1;1;0.1;0.1;0.0001;0.1;0.1;0.0001
1480549800;43;2.71;31.7;0.037576593;67654624;11830767;0.36264735;1;0.1;0.1;0.0001;0.1;0.1;0.0001
1480549800;44;-1;-1;0.03939506;10203997;23432553;0.07355077;1;0.1;0.1;0.0001;0.1;0.1;0.0001
1480549800;46;-1;-1;0.027755845;16485834;-1;2119905;1;0.1;0.1;0.0001;0.1;0.1;0.0001
1480549800;48;-1;-1;0.034250375;9746943;31943073;0.26698595;1;0.1;0.1;0.0001;0.1;0.1;0.0001
1480549800;49;3.48;-1;0.041936845;17112954;20303125;0.38282013;1;0.1;0.1;0.0001;0.1;0.1;0.0001
1480549800;50;-1;-1;0.029956345;1193655;24043174;0.6876115;1;0.1;0.1;0.0001;0.1;0.1;0.0001
1480549800;51;-1;-1;0.004273656;17835737;0.9655433;0.50149125;1;0.1;0.1;0.0001;0.1;0.1;0.0001
1480549800;52;-1;-1;-1;30351578;22096822;0.23845951;1;0.1;0.1;0.0001;0.1;0.1;0.0001
1480549800;53;-1;-1;-1;19116552;19578013;0.39501458;1;0.1;0.1;0.0001;0.1;0.1;0.0001
1480549800;54;-1;-1;0.009321562;14976492;-1;0.3998592;1;0.1;0.1;0.0001;0.1;0.1;0.0001
1480549800;55;-1;-1;0.019045532;1144761;14082431;-1;1;0.1;0.1;0.0001;0.1;0.1;0.0001
1480549800;56;-1;-1;0.034347158;35501406;0;0.19760768;1;0.1;0.1;0.0001;0.1;0.1;0.0001
1480549800;57;-1;-1;2.50E-04;320363;19883324;0.49982396;1;0.1;0.1;0.0001;0.1;0.1;0.0001
1480549800;58;-1;-1;0.008338469;15486691;0.3129429;0.42234516;1;0.1;0.1;0.0001;0.1;0.1;0.0001
1480549800;59;-1;-1;0.026411094;43685865;13319155;0.3170644;1;0.1;0.1;0.0001;0.1;0.1;0.0001
1480549800;60;-1;-1;0.03146919;0.520829;14425905;-1;1;0.1;0.1;0.0001;0.1;0.1;0.0001
1480549800;61;-1;-1;0.027771125;44429903;29424267;0.1644461;1;0.1;0.1;0.0001;0.1;0.1;0.0001
1480550400;1;-1;-1;0.04339875;26200888;293861;0.3960795;1;0.1;0.1;0.0001;0.1;0.1;0.0001
1480550400;2;-1;-1;-1;16581495;4293424;-1;1;0.1;0.1;0.0001;0.1;0.1;0.0001
1480550400;3;-1;-1;0.03897228;13020726;30950816;0.30513182;1;0.1;0.1;0.0001;0.1;0.1;0.0001
1480550400;4;-1;-1;-1;21901392;2350888;-1;1;0.1;0.1;0.0001;0.1;0.1;0.0001
1480550400;5;-1;-1;0.042334158;0.9247373;0.8357866;0.22198784;1;0.1;0.1;0.0001;0.1;0.1;0.0001
1480550400;6;-1;-1;-1;2577572;0.5686402;-1;1;0.1;0.1;0.0001;0.1;0.1;0.0001
1480550400;7;-1;-1;0.045986373;69089565;1396794;-1;1;0.1;0.1;0.0001;0.1;0.1;0.0001
1480550400;8;-1;-1;0.043556657;39753072;0.87013394;0.25928697;1;0.1;0.1;0.0001;0.1;0.1;0.0001
1480550400;9;-1;-1;0.0403425;39327908;31790419;-1;1;0.1;0.1;0.0001;0.1;0.1;0.0001
1480550400;10;-1;-1;0.031545594;9619393;4621632;-1;1;0.1;0.1;0.0001;0.1;0.1;0.0001
1480550400;11;-1;-1;0.040347595;17644411;0.88921577;-1;1;0.1;0.1;0.0001;0.1;0.1;0.0001
1480550400;12;-1;-1;0.037011188;2556314;24844613;-1;1;0.1;0.1;0.0001;0.1;0.1;0.0001
1480550400;13;-1;-1;0.024215687;10352805;15608982;0.5410774;1;0.1;0.1;0.0001;0.1;0.1;0.0001
1480550400;14;-1;-1;-1;788684;32324712;0.0892892;1;0.1;0.1;0.0001;0.1;0.1;0.0001
1480550400;15;-1;-1;-1;33529697;22211313;0.9511583;1;0.1;0.1;0.0001;0.1;0.1;0.0001
1480550400;16;-1;-1;0.008155094;27502962;1194526;0.46523085;1;0.1;0.1;0.0001;0.1;0.1;0.0001
1480550400;17;-1;-1;0.005608219;16209475;19806997;0.19570474;1;0.1;0.1;0.0001;0.1;0.1;0.0001
1480550400;18;7.76;31.91;0.037001;7286292;25188086;-1;1;0.1;0.1;0.0001;0.1;0.1;0.0001
1480550400;19;-1;-1;0.03320106;4602428;20917562;0.37512988;1;0.1;0.1;0.0001;0.1;0.1;0.0001
1480550400;21;-1;-1;0.042522628;50382233;39117863;0.657444;1;0.1;0.1;0.0001;0.1;0.1;0.0001
1480550400;22;-1;-1;-1;12010955;12365061;0.21366908;1;0.1;0.1;0.0001;0.1;0.1;0.0001
1480550400;23;18.45;0.04;-1;51817174;10571364;-1;1;0.1;0.1;0.0001;0.1;0.1;0.0001
1480550400;26;-1;-1;0.036736127;59576464;15876127;0.3640178;1;0.1;0.1;0.0001;0.1;0.1;0.0001
1480550400;27;-1;-1;0.032324936;55377946;33469627;0.15821359;1;0.1;0.1;0.0001;0.1;0.1;0.0001
1480550400;28;-1;-1;0.038773626;27688973;16448584;0.63174576;1;0.1;0.1;0.0001;0.1;0.1;0.0001
1480550400;29;-1;-1;0.027251562;20620577;74304857;0.6012727;1;0.1;0.1;0.0001;0.1;0.1;0.0001
1480550400;34;-1;-1;-1;15816196;15876127;0.41876626;1;0.1;0.1;0.0001;0.1;0.1;0.0001
1480550400;37;-1;-1;-1;44164176;11639949;-1;1;0.1;0.1;0.0001;0.1;0.1;0.0001
1480550400;39;-1;-1;-1;22533827;24462974;-1;1;0.1;0.1;0.0001;0.1;0.1;0.0001
1480550400;40;-1;-1;0.032946374;28060994;27859552;-1;1;0.1;0.1;0.0001;0.1;0.1;0.0001
1480550400;44;-1;-1;0.03147428;20673723;25951364;0.11066658;1;0.1;0.1;0.0001;0.1;0.1;0.0001
1480550400;46;-1;-1;0.022555124;1957892;-1;23424864;1;0.1;0.1;0.0001;0.1;0.1;0.0001
1480550400;48;-1;-1;0.031122811;11830259;3110347;0.2909646;1;0.1;0.1;0.0001;0.1;0.1;0.0001
1480550400;49;3.56;-1;0.041295033;11160622;2015047;0.3874378;1;0.1;0.1;0.0001;0.1;0.1;0.0001
1480550400;50;-1;-1;0.032844502;77964916;2866099;0.6902913;1;0.1;0.1;0.0001;0.1;0.1;0.0001
1480550400;51;-1;-1;0.006199094;13865745;10075235;0.41068318;1;0.1;0.1;0.0001;0.1;0.1;0.0001
1480550400;52;-1;-1;-1;29076077;22020495;0.18525611;1;0.1;0.1;0.0001;0.1;0.1;0.0001
1480550400;53;-1;-1;-1;20636522;19692504;0.3958351;1;0.1;0.1;0.0001;0.1;0.1;0.0001
1480550400;54;-1;-1;0.010421812;14965862;-1;0.3998592;1;0.1;0.1;0.0001;0.1;0.1;0.0001
1480550400;55;-1;-1;0.019773938;9831977;13319155;-1;1;0.1;0.1;0.0001;0.1;0.1;0.0001
1480550400;56;-1;-1;0.034265656;32631533;0;0.19864644;1;0.1;0.1;0.0001;0.1;0.1;0.0001
1480550400;57;-1;-1;5.60E-04;31127506;1610511;0.49982396;1;0.1;0.1;0.0001;0.1;0.1;0.0001
1480550400;58;-1;-1;0.009637375;13552184;0.33584115;0.40402293;1;0.1;0.1;0.0001;0.1;0.1;0.0001
1480550400;59;-1;-1;0.027073283;42357216;13891612;0.31650573;1;0.1;0.1;0.0001;0.1;0.1;0.0001
1480550400;60;-1;-1;0.030292531;0.4676832;1267037;-1;1;0.1;0.1;0.0001;0.1;0.1;0.0001
1480550400;61;-1;-1;0.02826522;3927476;29004464;0.16586894;1;0.1;0.1;0.0001;0.1;0.1;0.0001
1480551000;1;-1;-1;0.043332532;23490453;29042628;0.3859975;1;0.1;0.1;0.0001;0.1;0.1;0.0001
1480551000;2;-1;-1;-1;19132495;44766097;-1;1;0.1;0.1;0.0001;0.1;0.1;0.0001
1480551000;3;-1;-1;0.03898247;12436122;30645504;0.30513182;1;0.1;0.1;0.0001;0.1;0.1;0.0001
1480551000;4;-1;-1;-1;5644086;18165954;-1;1;0.1;0.1;0.0001;0.1;0.1;0.0001
1480551000;5;-1;-1;0.041941937;2721066;10380545;0.22447562;1;0.1;0.1;0.0001;0.1;0.1;0.0001
1480551000;6;-1;-1;-1;25616286;0.7403771;-1;1;0.1;0.1;0.0001;0.1;0.1;0.0001
1480551000;7;-1;-1;0.045711312;5968275;14120594;-1;1;0.1;0.1;0.0001;0.1;0.1;0.0001
1480551000;8;-1;-1;0.043923408;3698949;11296476;0.26887143;1;0.1;0.1;0.0001;0.1;0.1;0.0001
1480551000;9;-1;-1;0.040969033;36564324;31332455;-1;1;0.1;0.1;0.0001;0.1;0.1;0.0001
1480551000;10;-1;-1;0.035747938;63137236;4533856;-1;1;0.1;0.1;0.0001;0.1;0.1;0.0001
1480551000;11;-1;-1;0.039680313;16581495;0.5762729;-1;1;0.1;0.1;0.0001;0.1;0.1;0.0001
1480551000;12;-1;-1;0.036471248;27157514;20417616;-1;1;0.1;0.1;0.0001;0.1;0.1;0.0001
1480551000;13;-1;-1;0.024057781;1048567;13891612;0.45972282;1;0.1;0.1;0.0001;0.1;0.1;0.0001
1480551000;14;-1;-1;-1;12430807;3221022;0.108423226;1;0.1;0.1;0.0001;0.1;0.1;0.0001
1480551000;15;-1;-1;-1;31100933;20074143;0.8988277;1;0.1;0.1;0.0001;0.1;0.1;0.0001
1480551000;16;-1;-1;0.010370876;23245983;10151563;0.39452577;1;0.1;0.1;0.0001;0.1;0.1;0.0001
1480551000;17;-1;-1;0.005231281;15061525;21333547;0.18931511;1;0.1;0.1;0.0001;0.1;0.1;0.0001
1480551000;18;8.12;33.9;0.03638975;75307627;17593498;-1;1;0.1;0.1;0.0001;0.1;0.1;0.0001
1480551000;19;-1;-1;0.034082282;4124116;1509377;0.3915404;1;0.1;0.1;0.0001;0.1;0.1;0.0001
1480551000;20;-1;-1;0.027037626;0;0.87013394;0.5286647;1;0.1;0.1;0.0001;0.1;0.1;0.0001
1480551000;21;-1;-1;0.04296578;4246351;37476819;0.54805183;1;0.1;0.1;0.0001;0.1;0.1;0.0001
1480551000;22;-1;-1;-1;11266913;13128337;0.21795504;1;0.1;0.1;0.0001;0.1;0.1;0.0001
1480551000;23;18.5;29.56;-1;62340045;11105657;-1;1;0.1;0.1;0.0001;0.1;0.1;0.0001
1480551000;24;0;-1;-1;4900045;184331;-1;1;0.1;0.1;0.0001;0.1;0.1;0.0001
1480551000;25;10.31;-1;0.04108619;38105552;0.46178162;-1;1;0.1;0.1;0.0001;0.1;0.1;0.0001
1480551000;26;-1;-1;0.03608922;48468986;1782248;0.36769274;1;0.1;0.1;0.0001;0.1;0.1;0.0001
1480551000;32;-1;-1;0.013208094;678991;0.49612898;-1;1;0.1;0.1;0.0001;0.1;0.1;0.0001
1480551000;33;-1;-1;-1;107354555;1114382;0.3857793;1;0.1;0.1;0.0001;0.1;0.1;0.0001
1480551000;35;-1;-1;-1;1868607;61329174;0.27173454;1;0.1;0.1;0.0001;0.1;0.1;0.0001
1480551000;36;-1;-1;0.022035562;9013531;10189726;-1;1;0.1;0.1;0.0001;0.1;0.1;0.0001
1480551000;38;-1;-1;0.024826938;89657;0.53429276;-1;1;0.1;0.1;0.0001;0.1;0.1;0.0001
1480551000;41;-1;-1;-1;4039082;12517716;-1;1;0.1;0.1;0.0001;0.1;0.1;0.0001
1480551000;43;-1;25.13;0.03636428;66698003;13662629;0.34559086;1;0.1;0.1;0.0001;0.1;0.1;0.0001
1480551000;44;-1;-1;0.03149975;31993783;2579871;0.0993014;1;0.1;0.1;0.0001;0.1;0.1;0.0001
1480551000;46;-1;-1;0.016070781;13584071;-1;12720547;1;0.1;0.1;0.0001;0.1;0.1;0.0001
1480551000;48;-1;-1;0.031902157;11102161;293861;0.28261966;1;0.1;0.1;0.0001;0.1;0.1;0.0001
1480551000;49;2.02;-1;0.039889157;10629164;19883324;0.41897577;1;0.1;0.1;0.0001;0.1;0.1;0.0001
1480551000;50;-1;-1;0.036736127;49744487;29118955;0.6565013;1;0.1;0.1;0.0001;0.1;0.1;0.0001
1480551000;51;-1;-1;0.005648969;876906;0.8357866;0.3498768;1;0.1;0.1;0.0001;0.1;0.1;0.0001
1480551000;52;-1;-1;-1;2224684;23050916;0.15143113;1;0.1;0.1;0.0001;0.1;0.1;0.0001
1480551000;53;-1;-1;-1;22294672;20226798;0.3958351;1;0.1;0.1;0.0001;0.1;0.1;0.0001
1480551000;54;-1;-1;0.0087205;18340622;-1;0.3998592;1;0.1;0.1;0.0001;0.1;0.1;0.0001
1480551000;55;-1;-1;0.019361343;9077306;12059752;-1;1;0.1;0.1;0.0001;0.1;0.1;0.0001
1480551000;56;-1;-1;0.034102656;3279097;0;0.20829199;1;0.1;0.1;0.0001;0.1;0.1;0.0001
1480551000;57;-1;-1;4.53E-04;30999958;24730122;0.49982396;1;0.1;0.1;0.0001;0.1;0.1;0.0001
1480551000;58;-1;-1;0.013116406;1034749;0.2976774;0.3998592;1;0.1;0.1;0.0001;0.1;0.1;0.0001
1480551000;59;-1;-1;0.02678294;42357216;12555879;0.31558046;1;0.1;0.1;0.0001;0.1;0.1;0.0001
1480551000;60;-1;-1;0.027052907;0.4676832;0.27477914;-1;1;0.1;0.1;0.0001;0.1;0.1;0.0001
1480551000;61;-1;-1;0.028086938;36936343;2885181;0.19315587;1;0.1;0.1;0.0001;0.1;0.1;0.0001
1480551600;1;-1;-1;0.042807877;2721066;30340195;0.38430408;1;0.1;0.1;0.0001;0.1;0.1;0.0001
1480551600;2;-1;-1;-1;18866765;43086896;-1;1;0.1;0.1;0.0001;0.1;0.1;0.0001
1480551600;3;-1;-1;0.04098431;0.94599557;30531015;0.29242235;1;0.1;0.1;0.0001;0.1;0.1;0.0001
1480551600;4;-1;-1;-1;41400595;15227344;-1;1;0.1;0.1;0.0001;0.1;0.1;0.0001
1480551600;5;-1;-1;0.041911375;0.64306444;1175444;0.2209229;1;0.1;0.1;0.0001;0.1;0.1;0.0001
1480551600;6;-1;-1;-1;25350556;0.66404957;-1;1;0.1;0.1;0.0001;0.1;0.1;0.0001
1480551600;7;-1;-1;0.045619626;610114;13815284;-1;1;0.1;0.1;0.0001;0.1;0.1;0.0001
1480551600;8;-1;-1;0.043959063;400188;10495037;0.26709944;1;0.1;0.1;0.0001;0.1;0.1;0.0001
1480551600;9;-1;-1;0.04162103;35076241;30874488;-1;1;0.1;0.1;0.0001;0.1;0.1;0.0001
1480551600;10;-1;-1;0.034668062;6366869;4446079;-1;1;0.1;0.1;0.0001;0.1;0.1;0.0001
1480551600;11;-1;-1;0.039221875;17538121;0.43125057;-1;1;0.1;0.1;0.0001;0.1;0.1;0.0001
1480551600;12;-1;-1;0.035197813;3358816;18700247;-1;1;0.1;0.1;0.0001;0.1;0.1;0.0001
1480551600;13;-1;-1;0.023441438;9071991;18471265;0.34354827;1;0.1;0.1;0.0001;0.1;0.1;0.0001
1480551600;14;-1;-1;-1;12537099;31866748;0.13110124;1;0.1;0.1;0.0001;0.1;0.1;0.0001
1480551600;15;-1;-1;-1;292302;21180892;0.89325863;1;0.1;0.1;0.0001;0.1;0.1;0.0001
1480551600;16;-1;-1;0.011012688;20758759;16295929;0.36095393;1;0.1;0.1;0.0001;0.1;0.1;0.0001
1480551600;17;-1;-1;0.008868218;1061322;19692504;0.15201597;1;0.1;0.1;0.0001;0.1;0.1;0.0001
1480551600;18;8.75;33.6;0.034795403;9178284;4732307;-1;1;0.1;0.1;0.0001;0.1;0.1;0.0001
1480551600;19;-1;-1;0.032915816;36298594;11514009;0.3688537;1;0.1;0.1;0.0001;0.1;0.1;0.0001
1480551600;20;-1;-1;0.026375437;0;0.8243374;0.5492128;1;0.1;0.1;0.0001;0.1;0.1;0.0001
1480551600;21;-1;-1;0.043342717;35554554;36828036;0.60166556;1;0.1;0.1;0.0001;0.1;0.1;0.0001
1480551600;22;-1;-1;-1;18601037;11525458;0.20741037;1;0.1;0.1;0.0001;0.1;0.1;0.0001
1480551600;23;13.87;191.51;-1;70577645;10800346;-1;1;0.1;0.1;0.0001;0.1;0.1;0.0001
1480551600;24;0;-1;-1;46236863;19539849;-1;1;0.1;0.1;0.0001;0.1;0.1;0.0001
1480551600;25;11.75;-1;0.03970578;41878905;0.3930868;-1;1;0.1;0.1;0.0001;0.1;0.1;0.0001
1480551600;27;-1;-1;0.033150125;47034054;31446943;0.15697406;1;0.1;0.1;0.0001;0.1;0.1;0.0001
1480551600;28;-1;-1;0.03862081;24447076;17669826;0.68618864;1;0.1;0.1;0.0001;0.1;0.1;0.0001
1480551600;29;-1;-1;0.032482844;1607661;72091355;0.46971756;1;0.1;0.1;0.0001;0.1;0.1;0.0001
1480551600;34;-1;-1;-1;14487551;17440842;0.41556272;1;0.1;0.1;0.0001;0.1;0.1;0.0001
1480551600;37;-1;-1;-1;46927757;18356773;-1;1;0.1;0.1;0.0001;0.1;0.1;0.0001
1480551600;39;-1;-1;-1;21152036;31294289;-1;1;0.1;0.1;0.0001;0.1;0.1;0.0001
1480551600;40;-1;-1;0.031438626;19663954;27859552;-1;1;0.1;0.1;0.0001;0.1;0.1;0.0001
1480551600;44;-1;-1;0.026670875;34651074;27706897;0.1334057;1;0.1;0.1;0.0001;0.1;0.1;0.0001
1480551600;46;-1;-1;0.022448156;8189771;-1;0.8231646;1;0.1;0.1;0.0001;0.1;0.1;0.0001
1480551600;48;-1;-1;0.030817188;12000326;29653249;0.28439164;1;0.1;0.1;0.0001;0.1;0.1;0.0001
1480551600;49;1.34;-1;0.039140373;1195781;19692504;0.40093285;1;0.1;0.1;0.0001;0.1;0.1;0.0001
1480551600;50;-1;-1;0.021072844;14152731;24081337;0.71172106;1;0.1;0.1;0.0001;0.1;0.1;0.0001
1480551600;51;-1;-1;0.006474156;8630881;0.6907642;0.26740497;1;0.1;0.1;0.0001;0.1;0.1;0.0001
1480551600;52;-1;-1;-1;20849104;2247846;0.1633026;1;0.1;0.1;0.0001;0.1;0.1;0.0001
1480551600;53;-1;-1;-1;21417765;18013299;0.39089447;1;0.1;0.1;0.0001;0.1;0.1;0.0001
1480551600;54;-1;-1;0.01136925;15247536;-1;0.3998592;1;0.1;0.1;0.0001;0.1;0.1;0.0001
1480551600;55;-1;-1;0.01958547;8604308;12212406;-1;1;0.1;0.1;0.0001;0.1;0.1;0.0001
1480551600;56;-1;-1;0.033990595;32153223;0;0.20072393;1;0.1;0.1;0.0001;0.1;0.1;0.0001
1480551600;57;-1;-1;4.94E-04;29559704;1610511;0.49982396;1;0.1;0.1;0.0001;0.1;0.1;0.0001
1480551600;58;-1;-1;0.014776969;7079023;0.43506697;0.3998592;1;0.1;0.1;0.0001;0.1;0.1;0.0001
1480551600;59;-1;-1;0.02609528;45227094;13662629;0.31769288;1;0.1;0.1;0.0001;0.1;0.1;0.0001
1480551600;60;-1;-1;0.019305313;0.63774985;0.14502232;-1;1;0.1;0.1;0.0001;0.1;0.1;0.0001
1480551600;61;-1;-1;0.027236281;483627;293861;0.18625121;1;0.1;0.1;0.0001;0.1;0.1;0.0001
1480552200;1;-1;-1;0.043653436;26200888;28928137;0.3968477;1;0.1;0.1;0.0001;0.1;0.1;0.0001
1480552200;2;-1;-1;-1;7190629;34309227;-1;1;0.1;0.1;0.0001;0.1;0.1;0.0001
1480552200;3;-1;-1;0.041009784;12914435;33126152;0.30259165;1;0.1;0.1;0.0001;0.1;0.1;0.0001
1480552200;4;-1;-1;-1;35820282;12441388;-1;1;0.1;0.1;0.0001;0.1;0.1;0.0001
1480552200;5;-1;-1;0.040892623;0.43579572;13433646;0.22341068;1;0.1;0.1;0.0001;0.1;0.1;0.0001
1480552200;6;-1;-1;-1;25084825;0.54574186;-1;1;0.1;0.1;0.0001;0.1;0.1;0.0001
1480552200;7;-1;-1;0.045736782;60214214;12784863;-1;1;0.1;0.1;0.0001;0.1;0.1;0.0001
1480552200;8;-1;-1;0.043495532;35926576;0.9693597;0.2734891;1;0.1;0.1;0.0001;0.1;0.1;0.0001
1480552200;9;-1;-1;0.041305218;3443849;30340195;-1;1;0.1;0.1;0.0001;0.1;0.1;0.0001
1480552200;10;-1;-1;0.03524875;5559053;4503325;-1;1;0.1;0.1;0.0001;0.1;0.1;0.0001
1480552200;11;-1;-1;0.039955378;16475203;0.26333;-1;1;0.1;0.1;0.0001;0.1;0.1;0.0001
1480552200;12;-1;-1;0.037337188;27051222;25531561;-1;1;0.1;0.1;0.0001;0.1;0.1;0.0001
1480552200;13;-1;-1;0.020746844;11883406;17135531;0.40483475;1;0.1;0.1;0.0001;0.1;0.1;0.0001
1480552200;14;-1;-1;-1;10841747;31790419;0.11586909;1;0.1;0.1;0.0001;0.1;0.1;0.0001
1480552200;15;-1;-1;-1;27518906;2297459;0.8477193;1;0.1;0.1;0.0001;0.1;0.1;0.0001
1480552200;16;-1;-1;0.00802775;21731325;13509974;0.39115635;1;0.1;0.1;0.0001;0.1;0.1;0.0001
1480552200;17;-1;-1;0.012286126;8939127;22402132;0.1438456;1;0.1;0.1;0.0001;0.1;0.1;0.0001
1480552200;26;-1;-1;0.03627769;51392007;16792059;0.36299652;1;0.1;0.1;0.0001;0.1;0.1;0.0001
1480552200;27;-1;-1;0.033053342;482564;33698606;0.154914;1;0.1;0.1;0.0001;0.1;0.1;0.0001
1480552200;28;-1;-1;0.039160747;2492539;17975135;0.640274;1;0.1;0.1;0.0001;0.1;0.1;0.0001
1480552200;29;-1;-1;0.031459;14259024;68465805;0.56239367;1;0.1;0.1;0.0001;0.1;0.1;0.0001
1480552200;38;-1;-1;0.025988312;80303335;0.57245654;-1;1;0.1;0.1;0.0001;0.1;0.1;0.0001
1480552200;43;2.66;25.11;0.034275845;68558106;0.92356324;0.3580297;1;0.1;0.1;0.0001;0.1;0.1;0.0001
1480552200;44;-1;-1;0.027557187;4166632;29691412;0.11386141;1;0.1;0.1;0.0001;0.1;0.1;0.0001
1480552200;46;-1;-1;0.02113397;9353664;-1;14923141;1;0.1;0.1;0.0001;0.1;0.1;0.0001
1480552200;48;-1;-1;0.03244719;9831977;32973497;0.28812766;1;0.1;0.1;0.0001;0.1;0.1;0.0001
1480552200;49;1.35;-1;0.038131814;10629164;19616177;0.36860928;1;0.1;0.1;0.0001;0.1;0.1;0.0001
1480552200;50;-1;-1;0.03092925;9077306;2419583;0.7251201;1;0.1;0.1;0.0001;0.1;0.1;0.0001
1480552200;51;-1;-1;0.007824;9444013;0.8243374;0.29322544;1;0.1;0.1;0.0001;0.1;0.1;0.0001
1480552200;52;-1;-1;-1;21625032;23928683;0.16465561;1;0.1;0.1;0.0001;0.1;0.1;0.0001
1480552200;53;-1;-1;-1;18978373;20303125;0.36348534;1;0.1;0.1;0.0001;0.1;0.1;0.0001
1480552200;54;-1;-1;0.016096251;9082621;-1;0.35737503;1;0.1;0.1;0.0001;0.1;0.1;0.0001
1480552200;55;-1;-1;0.020991344;8593679;13357319;-1;1;0.1;0.1;0.0001;0.1;0.1;0.0001
1480552200;56;-1;-1;0.034428656;35448263;0;0.20221661;1;0.1;0.1;0.0001;0.1;0.1;0.0001
1480552200;57;-1;-1;5.14E-04;28124767;22592952;0.49982396;1;0.1;0.1;0.0001;0.1;0.1;0.0001
1480552200;58;-1;-1;0.012714;9518416;0.36637217;0.3998592;1;0.1;0.1;0.0001;0.1;0.1;0.0001
1480552200;59;-1;-1;0.026706532;4171947;1194526;0.31588596;1;0.1;0.1;0.0001;0.1;0.1;0.0001
1480552200;60;-1;-1;0.021281688;0.74404144;0.09159304;-1;1;0.1;0.1;0.0001;0.1;0.1;0.0001
1480552200;61;-1;-1;0.025081625;9215486;2927161;0.22842112;1;0.1;0.1;0.0001;0.1;0.1;0.0001
1480552800;1;-1;-1;0.04368909;2630718;3148511;0.37743434;1;0.1;0.1;0.0001;0.1;0.1;0.0001
1480552800;2;-1;-1;-1;14062384;35301485;-1;1;0.1;0.1;0.0001;0.1;0.1;0.0001
1480552800;3;-1;-1;0.04202853;0.648379;35415976;0.2576721;1;0.1;0.1;0.0001;0.1;0.1;0.0001
1480552800;4;-1;-1;-1;34385345;11410967;-1;1;0.1;0.1;0.0001;0.1;0.1;0.0001
1480552800;5;-1;-1;0.040174406;0.4517395;13509974;0.22057374;1;0.1;0.1;0.0001;0.1;0.1;0.0001
1480552800;6;-1;-1;-1;25988305;0.759459;-1;1;0.1;0.1;0.0001;0.1;0.1;0.0001
1480552800;8;-1;-1;0.04277222;29017618;10456873;0.27313992;1;0.1;0.1;0.0001;0.1;0.1;0.0001
1480552800;9;-1;-1;0.039985936;3597972;30416522;-1;1;0.1;0.1;0.0001;0.1;0.1;0.0001
1480552800;10;-1;-1;0.036695376;3613916;44498954;-1;1;0.1;0.1;0.0001;0.1;0.1;0.0001
1480552800;11;-1;-1;0.04043928;16315767;0.2137171;-1;1;0.1;0.1;0.0001;0.1;0.1;0.0001
1480552800;12;-1;-1;0.03697553;26360326;2015047;-1;1;0.1;0.1;0.0001;0.1;0.1;0.0001
1480552800;13;-1;-1;0.018688967;1295695;13700793;0.43502843;1;0.1;0.1;0.0001;0.1;0.1;0.0001
1480552800;14;-1;-1;-1;11995011;32591858;0.11586909;1;0.1;0.1;0.0001;0.1;0.1;0.0001
1480552800;15;-1;-1;-1;2941621;2087558;0.8699783;1;0.1;0.1;0.0001;0.1;0.1;0.0001
1480552800;16;-1;-1;0.008124531;23293814;10342381;0.3941766;1;0.1;0.1;0.0001;0.1;0.1;0.0001
1480552800;17;-1;-1;0.016137;4193205;21524365;0.1125957;1;0.1;0.1;0.0001;0.1;0.1;0.0001
1480552800;18;8.69;33.85;0.037072312;9991414;29309773;-1;1;0.1;0.1;0.0001;0.1;0.1;0.0001
1480552800;19;-1;-1;0.031846125;21949224;6400064;0.39461306;1;0.1;0.1;0.0001;0.1;0.1;0.0001
1480552800;20;-1;-1;0.026579188;0;0.7823572;0.5403529;1;0.1;0.1;0.0001;0.1;0.1;0.0001
1480552800;21;-1;-1;0.035320062;9736314;55833592;0.52601105;1;0.1;0.1;0.0001;0.1;0.1;0.0001
1480552800;23;13.39;191.52;-1;79240417;11563622;-1;1;0.1;0.1;0.0001;0.1;0.1;0.0001
1480552800;24;0;-1;-1;6148971;18662082;-1;1;0.1;0.1;0.0001;0.1;0.1;0.0001
1480552800;25;11.36;-1;0.038162373;50647964;0.38927042;-1;1;0.1;0.1;0.0001;0.1;0.1;0.0001
1480552800;26;-1;-1;0.03692969;4687461;1599062;0.36328456;1;0.1;0.1;0.0001;0.1;0.1;0.0001
1480552800;27;-1;-1;0.033206157;40709696;32782679;0.16315421;1;0.1;0.1;0.0001;0.1;0.1;0.0001
1480552800;28;-1;-1;0.03929828;20142264;16028782;0.6574789;1;0.1;0.1;0.0001;0.1;0.1;0.0001
1480552800;32;-1;-1;0.013574843;6421078;0.50376177;-1;1;0.1;0.1;0.0001;0.1;0.1;0.0001
1480552800;33;-1;-1;-1;9863864;14387741;0.37036383;1;0.1;0.1;0.0001;0.1;0.1;0.0001
1480552800;34;-1;-1;-1;17368053;15456327;0.38359702;1;0.1;0.1;0.0001;0.1;0.1;0.0001
1480552800;35;-1;-1;-1;20338905;5743647;0.260736;1;0.1;0.1;0.0001;0.1;0.1;0.0001
1480552800;36;-1;-1;0.020364812;877969;10266054;-1;1;0.1;0.1;0.0001;0.1;0.1;0.0001
1480552800;37;-1;-1;-1;5261436;13509974;-1;1;0.1;0.1;0.0001;0.1;0.1;0.0001
1480552800;39;-1;-1;-1;16634642;33584118;-1;1;0.1;0.1;0.0001;0.1;0.1;0.0001
1480552800;40;-1;-1;0.030924156;2503168;27783225;-1;1;0.1;0.1;0.0001;0.1;0.1;0.0001
1480552800;41;-1;-1;-1;3863701;1377712;-1;1;0.1;0.1;0.0001;0.1;0.1;0.0001
1480552800;44;-1;-1;0.027867906;35767136;28622828;0.0993014;1;0.1;0.1;0.0001;0.1;0.1;0.0001
1480552800;46;-1;-1;0.024470376;9821347;-1;11443316;1;0.1;0.1;0.0001;0.1;0.1;0.0001
1480552800;48;-1;-1;0.033145033;7753975;31217964;0.2723194;1;0.1;0.1;0.0001;0.1;0.1;0.0001
1480552800;49;1.36;-1;0.03763262;10629164;19539849;0.3605873;1;0.1;0.1;0.0001;0.1;0.1;0.0001
1480552800;50;-1;-1;0.030093877;686644;22860096;0.72924024;1;0.1;0.1;0.0001;0.1;0.1;0.0001
1480552800;51;-1;-1;0.011231719;2109889;0.77854085;0.31405288;1;0.1;0.1;0.0001;0.1;0.1;0.0001
1480552800;52;-1;-1;-1;15901229;24233992;0.15116926;1;0.1;0.1;0.0001;0.1;0.1;0.0001
1480552800;53;-1;-1;-1;15996892;18738409;0.38573563;1;0.1;0.1;0.0001;0.1;0.1;0.0001
1480552800;54;-1;-1;0.016631095;69355297;-1;0.3598715;1;0.1;0.1;0.0001;0.1;0.1;0.0001
1480552800;55;-1;-1;0.021847093;76795707;13586302;-1;1;0.1;0.1;0.0001;0.1;0.1;0.0001
1480552800;56;-1;-1;0.03514178;35395114;0;0.18950714;1;0.1;0.1;0.0001;0.1;0.1;0.0001
1480552800;57;-1;-1;7.95E-04;2816197;18700247;0.49982396;1;0.1;0.1;0.0001;0.1;0.1;0.0001
1480552800;58;-1;-1;0.013656343;71746855;0.29004464;0.3998592;1;0.1;0.1;0.0001;0.1;0.1;0.0001
1480552800;59;-1;-1;0.026141126;3954049;13624465;0.3180071;1;0.1;0.1;0.0001;0.1;0.1;0.0001
1480552800;60;-1;-1;0.024521312;0.74935603;0.33202478;-1;1;0.1;0.1;0.0001;0.1;0.1;0.0001
1480552800;61;-1;-1;0.020298593;13392747;28775482;0.21832165;1;0.1;0.1;0.0001;0.1;0.1;0.0001
1480553400;1;-1;-1;0.043684002;22693264;28203025;0.3809085;1;0.1;0.1;0.0001;0.1;0.1;0.0001
1480553400;2;-1;-1;-1;63987565;37896624;-1;1;0.1;0.1;0.0001;0.1;0.1;0.0001
1480553400;3;-1;-1;0.04152425;10894892;38278258;0.28225303;1;0.1;0.1;0.0001;0.1;0.1;0.0001
1480553400;4;-1;-1;-1;3443849;16219602;-1;1;0.1;0.1;0.0001;0.1;0.1;0.0001
1480553400;5;-1;-1;0.040118378;0.44642487;12365061;0.22234574;1;0.1;0.1;0.0001;0.1;0.1;0.0001
1480553400;6;-1;-1;-1;26147745;0.759459;-1;1;0.1;0.1;0.0001;0.1;0.1;0.0001
1480553400;7;-1;-1;0.04506441;6547565;0.76709175;-1;1;0.1;0.1;0.0001;0.1;0.1;0.0001
1480553400;8;-1;-1;0.043230657;32844117;11067493;0.26318884;1;0.1;0.1;0.0001;0.1;0.1;0.0001
1480553400;9;-1;-1;0.040225346;3534197;31752255;-1;1;0.1;0.1;0.0001;0.1;0.1;0.0001
1480553400;10;-1;-1;0.038951907;19610808;42972403;-1;1;0.1;0.1;0.0001;0.1;0.1;0.0001
1480553400;12;-1;-1;0.035014436;32206366;21562529;-1;1;0.1;0.1;0.0001;0.1;0.1;0.0001
1480553400;13;-1;-1;0.017002938;14322799;13433646;0.600234;1;0.1;0.1;0.0001;0.1;0.1;0.0001
1480553400;14;-1;-1;-1;14030497;30454688;0.098149166;1;0.1;0.1;0.0001;0.1;0.1;0.0001
1480553400;15;-1;-1;-1;32317974;20646598;0.88480896;1;0.1;0.1;0.0001;0.1;0.1;0.0001
1480553400;16;-1;-1;0.006392656;2279424;0.6220694;0.41389546;1;0.1;0.1;0.0001;0.1;0.1;0.0001
1480553400;26;-1;-1;0.037276063;40231385;17364515;0.3633893;1;0.1;0.1;0.0001;0.1;0.1;0.0001
1480553400;27;-1;-1;0.03273244;4044397;31714094;0.15862384;1;0.1;0.1;0.0001;0.1;0.1;0.0001
1480553400;28;-1;-1;0.03973125;17803849;1610511;0.6713843;1;0.1;0.1;0.0001;0.1;0.1;0.0001
1480553400;29;-1;-1;0.009403062;3878582;9117324;0.53487104;1;0.1;0.1;0.0001;0.1;0.1;0.0001
1480553400;44;-1;-1;0.027898468;3826499;29309773;0.10125669;1;0.1;0.1;0.0001;0.1;0.1;0.0001
1480553400;46;-1;-1;0.026869532;5861984;-1;0.75175244;1;0.1;0.1;0.0001;0.1;0.1;0.0001
1480553400;48;-1;-1;0.032513406;7700829;2927161;0.28208718;1;0.1;0.1;0.0001;0.1;0.1;0.0001
1480553400;49;1.3;-1;0.038325373;10788602;19539849;0.36072698;1;0.1;0.1;0.0001;0.1;0.1;0.0001
1480553400;50;-1;-1;0.030710218;65050483;2694362;0.67834127;1;0.1;0.1;0.0001;0.1;0.1;0.0001
1480553400;51;-1;-1;0.013855;25509994;0.8739503;0.24907401;1;0.1;0.1;0.0001;0.1;0.1;0.0001
1480553400;52;-1;-1;-1;13366174;20799253;0.14553031;1;0.1;0.1;0.0001;0.1;0.1;0.0001
1480553400;53;-1;-1;-1;12489267;18509427;0.3803847;1;0.1;0.1;0.0001;0.1;0.1;0.0001
1480553400;54;-1;-1;0.016906155;67920356;-1;0.3273821;1;0.1;0.1;0.0001;0.1;0.1;0.0001
1480553400;55;-1;-1;0.022743594;71162252;13662629;-1;1;0.1;0.1;0.0001;0.1;0.1;0.0001
1480553400;56;-1;-1;0.035651155;29442785;0;0.18398167;1;0.1;0.1;0.0001;0.1;0.1;0.0001
1480553400;57;-1;-1;0.001298906;26998075;2034129;0.49982396;1;0.1;0.1;0.0001;0.1;0.1;0.0001
1480553400;58;-1;-1;0.012148594;77380314;0.32439205;0.3998592;1;0.1;0.1;0.0001;0.1;0.1;0.0001
1480553400;59;-1;-1;0.026400907;4055026;12212406;0.31526622;1;0.1;0.1;0.0001;0.1;0.1;0.0001
1480553400;60;-1;-1;0.02651297;0.47831237;-0.034347393;-1;1;0.1;0.1;0.0001;0.1;0.1;0.0001
1480553400;61;-1;-1;0.025045969;10990556;29576921;0.23976886;1;0.1;0.1;0.0001;0.1;0.1;0.0001
1480554000;1;-1;-1;0.042970877;23224723;2755424;0.38810992;1;0.1;0.1;0.0001;0.1;0.1;0.0001
1480554000;2;-1;-1;-1;91198225;41331363;-1;1;0.1;0.1;0.0001;0.1;0.1;0.0001
1480554000;3;-1;-1;0.040739816;0.9087935;38927042;0.2678414;1;0.1;0.1;0.0001;0.1;0.1;0.0001
1480554000;4;-1;-1;-1;3613916;12746699;-1;1;0.1;0.1;0.0001;0.1;0.1;0.0001
1480554000;5;-1;-1;0.04249206;0.6058623;1469305;0.2209229;1;0.1;0.1;0.0001;0.1;0.1;0.0001
1480554000;6;-1;-1;-1;23862472;1083851;-1;1;0.1;0.1;0.0001;0.1;0.1;0.0001
1480554000;7;-1;-1;0.043709468;737664;0.75564265;-1;1;0.1;0.1;0.0001;0.1;0.1;0.0001
1480554000;8;-1;-1;0.043811344;48150115;0.9006649;0.28237525;1;0.1;0.1;0.0001;0.1;0.1;0.0001
1480554000;9;-1;-1;0.03997575;33375576;3110347;-1;1;0.1;0.1;0.0001;0.1;0.1;0.0001
1480554000;10;-1;-1;0.03921678;11426352;4377384;-1;1;0.1;0.1;0.0001;0.1;0.1;0.0001
1480554000;11;-1;-1;0.03943072;16422058;0.6220694;-1;1;0.1;0.1;0.0001;0.1;0.1;0.0001
1480554000;12;-1;-1;0.03702647;26360326;16868386;-1;1;0.1;0.1;0.0001;0.1;0.1;0.0001
1480554000;13;-1;-1;0.017777188;1613507;13052009;0.5306025;1;0.1;0.1;0.0001;0.1;0.1;0.0001
1480554000;14;-1;-1;-1;11001185;32897167;0.1300363;1;0.1;0.1;0.0001;0.1;0.1;0.0001
1480554000;15;-1;-1;-1;34443806;2499727;0.8658582;1;0.1;0.1;0.0001;0.1;0.1;0.0001
1480554000;16;-1;-1;0.0035045;26642;0.1984516;0.46718618;1;0.1;0.1;0.0001;0.1;0.1;0.0001
1480554000;17;-1;-1;0.014771875;51392007;19005557;0.087726705;1;0.1;0.1;0.0001;0.1;0.1;0.0001
1480554000;18;8.95;30.75;0.033776656;10214626;3625558;-1;1;0.1;0.1;0.0001;0.1;0.1;0.0001
1480554000;19;-1;-1;0.029492814;41825757;4407915;0.43192965;1;0.1;0.1;0.0001;0.1;0.1;0.0001
1480554000;20;-1;-1;0.024903344;0;0.68313146;0.5403529;1;0.1;0.1;0.0001;0.1;0.1;0.0001
1480554000;21;-1;-1;0.03579378;10028617;6190163;0.45307133;1;0.1;0.1;0.0001;0.1;0.1;0.0001
1480554000;22;-1;-1;-1;29017618;0.24043174;0.21690756;1;0.1;0.1;0.0001;0.1;0.1;0.0001
1480554000;23;13.57;191.51;-1;71321692;13242828;-1;1;0.1;0.1;0.0001;0.1;0.1;0.0001
1480554000;24;0;-1;-1;5713176;17707988;-1;1;0.1;0.1;0.0001;0.1;0.1;0.0001
1480554000;25;10.21;-1;0.038080875;46980906;0.40835235;-1;1;0.1;0.1;0.0001;0.1;0.1;0.0001
1480554000;27;-1;-1;0.03228419;47034054;33965752;0.15945311;1;0.1;0.1;0.0001;0.1;0.1;0.0001
1480554000;28;-1;-1;0.039843313;2046114;16295929;0.6190014;1;0.1;0.1;0.0001;0.1;0.1;0.0001
1480554000;32;-1;-1;0.01422175;69344666;0.931196;-1;1;0.1;0.1;0.0001;0.1;0.1;0.0001
1480554000;36;-1;-1;0.021526186;7525448;10151563;-1;1;0.1;0.1;0.0001;0.1;0.1;0.0001
1480554000;38;-1;-1;0.02470978;8949756;0.63733494;-1;1;0.1;0.1;0.0001;0.1;0.1;0.0001
1480554000;41;-1;-1;-1;48150115;16066947;-1;1;0.1;0.1;0.0001;0.1;0.1;0.0001
1480554000;44;-1;-1;0.029834094;28273578;26409328;0.10018302;1;0.1;0.1;0.0001;0.1;0.1;0.0001
1480554000;46;-1;-1;0.02514275;8444871;-1;0.87485784;1;0.1;0.1;0.0001;0.1;0.1;0.0001
1480554000;48;-1;-1;0.03148447;77486606;29500594;0.29132247;1;0.1;0.1;0.0001;0.1;0.1;0.0001
1480554000;49;1.35;-1;0.037810907;10629164;19387194;0.35746232;1;0.1;0.1;0.0001;0.1;0.1;0.0001
1480554000;50;-1;-1;0.022244405;8933812;26790965;0.73315084;1;0.1;0.1;0.0001;0.1;0.1;0.0001
1480554000;51;-1;-1;0.011221532;35767136;0.8281538;0.24991198;1;0.1;0.1;0.0001;0.1;0.1;0.0001
1480554000;52;-1;-1;-1;105707035;19806997;0.13040291;1;0.1;0.1;0.0001;0.1;0.1;0.0001
1480554000;53;-1;-1;-1;9736314;18585755;0.3420556;1;0.1;0.1;0.0001;0.1;0.1;0.0001
1480554000;54;-1;-1;0.016666751;68504963;-1;0.3490388;1;0.1;0.1;0.0001;0.1;0.1;0.0001
1480554000;55;-1;-1;0.022529656;63562403;12403225;-1;1;0.1;0.1;0.0001;0.1;0.1;0.0001
1480554000;56;-1;-1;0.035269123;27954702;0;0.19095616;1;0.1;0.1;0.0001;0.1;0.1;0.0001
1480554000;57;-1;-1;0.002964563;24744694;1721186;0.4648381;1;0.1;0.1;0.0001;0.1;0.1;0.0001
1480554000;58;-1;-1;0.013630875;5899186;0.33202478;0.3998592;1;0.1;0.1;0.0001;0.1;0.1;0.0001
1480554000;59;-1;-1;0.026064718;39593635;1114382;0.31588596;1;0.1;0.1;0.0001;0.1;0.1;0.0001
1480554000;60;-1;-1;0.023522938;0.31887493;0.6602332;-1;1;0.1;0.1;0.0001;0.1;0.1;0.0001
1480554000;61;-1;-1;0.027215905;56281424;29691412;0.18536086;1;0.1;0.1;0.0001;0.1;0.1;0.0001
1480554600;1;-1;-1;0.04067359;21045744;28241189;0.3821829;1;0.1;0.1;0.0001;0.1;0.1;0.0001
1480554600;2;-1;-1;-1;1138915;4953657;-1;1;0.1;0.1;0.0001;0.1;0.1;0.0001
1480554600;3;-1;-1;0.038885687;16156329;37133346;0.2958092;1;0.1;0.1;0.0001;0.1;0.1;0.0001
1480554600;4;-1;-1;-1;3608601;14196922;-1;1;0.1;0.1;0.0001;0.1;0.1;0.0001
1480554600;5;-1;-1;0.03980766;343322;11983423;0.22341068;1;0.1;0.1;0.0001;0.1;0.1;0.0001
1480554600;6;-1;-1;-1;2301214;0.8663175;-1;1;0.1;0.1;0.0001;0.1;0.1;0.0001
1480554600;7;-1;-1;0.042996347;8359838;0.79762274;-1;1;0.1;0.1;0.0001;0.1;0.1;0.0001
1480554600;8;-1;-1;0.044234123;5160459;0.87776667;0.26887143;1;0.1;0.1;0.0001;0.1;0.1;0.0001
1480554600;9;-1;-1;0.039369594;35076241;29958558;-1;1;0.1;0.1;0.0001;0.1;0.1;0.0001
1480554600;10;-1;-1;0.038855124;0.9194227;4377384;-1;1;0.1;0.1;0.0001;0.1;0.1;0.0001
1480554600;11;-1;-1;0.039181124;17484975;13052009;-1;1;0.1;0.1;0.0001;0.1;0.1;0.0001
1480554600;12;-1;-1;0.037296437;26413472;19578013;-1;1;0.1;0.1;0.0001;0.1;0.1;0.0001
1480554600;13;-1;-1;0.018979311;13621273;15341835;0.37072173;1;0.1;0.1;0.0001;0.1;0.1;0.0001
1480554600;14;-1;-1;-1;10581332;34576375;0.11019521;1;0.1;0.1;0.0001;0.1;0.1;0.0001
1480554600;15;-1;-1;-1;3096807;22631114;0.9212876;1;0.1;0.1;0.0001;0.1;0.1;0.0001
1480554600;16;-1;-1;0.006295875;25074198;0.40453592;0.45759293;1;0.1;0.1;0.0001;0.1;0.1;0.0001
1480554600;17;-1;-1;0.013926312;8062221;23318064;0.08595471;1;0.1;0.1;0.0001;0.1;0.1;0.0001
1480554600;26;-1;-1;0.035773408;6085196;1912005;0.36460266;1;0.1;0.1;0.0001;0.1;0.1;0.0001
1480554600;29;-1;-1;0.020711187;25626915;7903716;0.41862658;1;0.1;0.1;0.0001;0.1;0.1;0.0001
1480554600;33;-1;-1;-1;8503331;0.7823572;0.3603691;1;0.1;0.1;0.0001;0.1;0.1;0.0001
1480554600;34;-1;-1;-1;14115529;14349577;0.37863022;1;0.1;0.1;0.0001;0.1;0.1;0.0001
1480554600;35;-1;-1;-1;18866766;6152;0.24283276;1;0.1;0.1;0.0001;0.1;0.1;0.0001
1480554600;37;-1;-1;-1;4931932;18776574;-1;1;0.1;0.1;0.0001;0.1;0.1;0.0001
1480554600;39;-1;-1;-1;15837455;2419583;-1;1;0.1;0.1;0.0001;0.1;0.1;0.0001
1480554600;40;-1;-1;0.029360374;26254034;2583687;-1;1;0.1;0.1;0.0001;0.1;0.1;0.0001
1480554600;44;-1;-1;0.03180028;18282162;24959104;0.0882941;1;0.1;0.1;0.0001;0.1;0.1;0.0001
1480554600;46;-1;-1;0.025911905;72384605;-1;0.85584605;1;0.1;0.1;0.0001;0.1;0.1;0.0001
1480554600;48;-1;-1;0.029752593;79240417;33278806;0.2970051;1;0.1;0.1;0.0001;0.1;0.1;0.0001
1480554600;49;2.22;-1;0.037805814;133396;19616177;0.37408236;1;0.1;0.1;0.0001;0.1;0.1;0.0001
1480554600;50;-1;-1;0.022473624;12999467;29195282;0.67813176;1;0.1;0.1;0.0001;0.1;0.1;0.0001
1480554600;51;-1;-1;0.012973781;23065286;0.94646144;0.20159684;1;0.1;0.1;0.0001;0.1;0.1;0.0001
1480554600;52;-1;-1;-1;10294346;19578013;0.12472032;1;0.1;0.1;0.0001;0.1;0.1;0.0001
1480554600;53;-1;-1;-1;10719512;19272704;0.3266052;1;0.1;0.1;0.0001;0.1;0.1;0.0001
1480554600;54;-1;-1;0.015923062;7780548;-1;0.37320074;1;0.1;0.1;0.0001;0.1;0.1;0.0001
1480554600;55;-1;-1;0.021821626;5925759;1225057;-1;1;0.1;0.1;0.0001;0.1;0.1;0.0001
1480554600;56;-1;-1;0.035034813;28114138;0;0.20242609;1;0.1;0.1;0.0001;0.1;0.1;0.0001
1480554600;57;-1;-1;0.007299344;19164383;18776574;0.3998592;1;0.1;0.1;0.0001;0.1;0.1;0.0001
1480554600;58;-1;-1;0.013783687;4602428;0.3434739;0.3940282;1;0.1;0.1;0.0001;0.1;0.1;0.0001
1480554600;59;-1;-1;0.026334688;39859364;13509974;0.31518763;1;0.1;0.1;0.0001;0.1;0.1;0.0001
1480554600;60;-1;-1;0.020446312;0.5633457;0.95409423;-1;1;0.1;0.1;0.0001;0.1;0.1;0.0001
1480554600;61;-1;-1;0.027047811;32153223;28699155;0.20148337;1;0.1;0.1;0.0001;0.1;0.1;0.0001
1480555200;1;-1;-1;0.04127975;266792;2847017;0.37268576;1;0.1;0.1;0.0001;0.1;0.1;0.0001
1480555200;2;-1;-1;-1;7854952;5068148;-1;1;0.1;0.1;0.0001;0.1;0.1;0.0001
1480555200;3;-1;-1;0.039002843;0.95662475;32172058;0.3000515;1;0.1;0.1;0.0001;0.1;0.1;0.0001
1480555200;4;-1;-1;-1;343322;13128337;-1;1;0.1;0.1;0.0001;0.1;0.1;0.0001
1480555200;5;-1;-1;0.038442533;3151547;14464068;0.2209229;1;0.1;0.1;0.0001;0.1;0.1;0.0001
1480555200;6;-1;-1;-1;23543596;0.8014391;-1;1;0.1;0.1;0.0001;0.1;0.1;0.0001
1480555200;7;-1;-1;0.043470062;8195086;10724019;-1;1;0.1;0.1;0.0001;0.1;0.1;0.0001
1480555200;8;-1;-1;0.043694187;6000163;0.71366245;0.26603448;1;0.1;0.1;0.0001;0.1;0.1;0.0001
1480555200;9;-1;-1;0.039904434;33907034;31141634;-1;1;0.1;0.1;0.0001;0.1;0.1;0.0001
1480555200;10;-1;-1;0.038569875;0.78655815;44727936;-1;1;0.1;0.1;0.0001;0.1;0.1;0.0001
1480555200;11;-1;-1;0.040332314;16900371;14425905;-1;1;0.1;0.1;0.0001;0.1;0.1;0.0001
1480555200;12;-1;-1;0.036985718;30080533;19387194;-1;1;0.1;0.1;0.0001;0.1;0.1;0.0001
1480555200;13;-1;-1;0.018439375;13414004;11907096;0.3710796;1;0.1;0.1;0.0001;0.1;0.1;0.0001
1480555200;14;-1;-1;-1;145619545;32248383;0.14704917;1;0.1;0.1;0.0001;0.1;0.1;0.0001
1480555200;15;-1;-1;-1;30861776;2572238;0.9223175;1;0.1;0.1;0.0001;0.1;0.1;0.0001
1480555200;16;-1;-1;0.006173625;2273578;0.3816377;0.41407004;1;0.1;0.1;0.0001;0.1;0.1;0.0001
1480555200;17;-1;-1;0.013493343;8854094;22325804;0.08304795;1;0.1;0.1;0.0001;0.1;0.1;0.0001
1480555200;18;9.31;26.75;0.035885468;72118874;4465161;-1;1;0.1;0.1;0.0001;0.1;0.1;0.0001
1480555200;19;-1;-1;0.029243218;36723762;38812554;0.4232093;1;0.1;0.1;0.0001;0.1;0.1;0.0001
1480555200;20;-1;-1;0.024877874;0;0.8548684;0.5555937;1;0.1;0.1;0.0001;0.1;0.1;0.0001
1480555200;21;-1;-1;0.03605356;10390007;62245107;0.5246057;1;0.1;0.1;0.0001;0.1;0.1;0.0001
1480555200;22;-1;-1;-1;19770246;0.30531016;0.21546726;1;0.1;0.1;0.0001;0.1;0.1;0.0001
1480555200;23;27.59;20.44;-1;527738;19730669;-1;1;0.1;0.1;0.0001;0.1;0.1;0.0001
1480555200;27;-1;-1;0.03213647;4820326;3858357;0.15903412;1;0.1;0.1;0.0001;0.1;0.1;0.0001
1480555200;28;-1;-1;0.035284404;4373901;16257766;0.63591826;1;0.1;0.1;0.0001;0.1;0.1;0.0001
1480555200;44;-1;-1;0.032982033;21470912;26714637;0.0847501;1;0.1;0.1;0.0001;0.1;0.1;0.0001
1480555200;46;-1;-1;0.02116453;11038387;-1;12720547;1;0.1;0.1;0.0001;0.1;0.1;0.0001
1480555200;48;-1;-1;0.029110782;75732794;31332455;0.2815547;1;0.1;0.1;0.0001;0.1;0.1;0.0001
1480555200;49;2.57;-1;0.038024843;12170392;20646598;0.41030782;1;0.1;0.1;0.0001;0.1;0.1;0.0001
1480555200;50;-1;-1;0.029762782;68345523;2499727;0.6521717;1;0.1;0.1;0.0001;0.1;0.1;0.0001
1480555200;51;-1;-1;0.008944625;5160459;0.9082977;0.20075886;1;0.1;0.1;0.0001;0.1;0.1;0.0001
1480555200;52;-1;-1;-1;8306692;21829674;0.1288055;1;0.1;0.1;0.0001;0.1;0.1;0.0001
1480555200;53;-1;-1;-1;8763745;1912005;0.30599597;1;0.1;0.1;0.0001;0.1;0.1;0.0001
1480555200;54;-1;-1;0.015872125;76742563;-1;0.3332131;1;0.1;0.1;0.0001;0.1;0.1;0.0001
1480555200;55;-1;-1;0.022137437;5665344;1194526;-1;1;0.1;0.1;0.0001;0.1;0.1;0.0001
1480555200;56;-1;-1;0.034958404;30877721;0;0.19970264;1;0.1;0.1;0.0001;0.1;0.1;0.0001
1480555200;57;-1;-1;0.010121281;13780711;22020495;0.3998592;1;0.1;0.1;0.0001;0.1;0.1;0.0001
1480555200;58;-1;-1;0.013737843;44801927;0.30912653;0.38152823;1;0.1;0.1;0.0001;0.1;0.1;0.0001
1480555200;59;-1;-1;0.026334688;4092228;14006103;0.31712547;1;0.1;0.1;0.0001;0.1;0.1;0.0001
1480555200;60;-1;-1;0.023273343;0.5686603;0.9388287;-1;1;0.1;0.1;0.0001;0.1;0.1;0.0001
1480555200;61;-1;-1;0.0268135;33003554;28622828;0.20130877;1;0.1;0.1;0.0001;0.1;0.1;0.0001
1480555800;1;-1;-1;0.04218644;26094596;30225706;0.37709388;1;0.1;0.1;0.0001;0.1;0.1;0.0001
1480555800;2;-1;-1;-1;10289031;37972949;-1;1;0.1;0.1;0.0001;0.1;0.1;0.0001
1480555800;3;-1;-1;0.038748156;0.940681;25188086;0.30513182;1;0.1;0.1;0.0001;0.1;0.1;0.0001
1480555800;4;-1;-1;-1;32206366;0.9388287;-1;1;0.1;0.1;0.0001;0.1;0.1;0.0001
1480555800;5;-1;-1;0.039471466;18919911;14425905;0.2209229;1;0.1;0.1;0.0001;0.1;0.1;0.0001
1480555800;6;-1;-1;-1;23490453;0.65641683;-1;1;0.1;0.1;0.0001;0.1;0.1;0.0001
1480555800;7;-1;-1;0.043897938;8381096;10456873;-1;1;0.1;0.1;0.0001;0.1;0.1;0.0001
1480555800;8;-1;-1;0.043882657;44642487;0.9388287;0.27810675;1;0.1;0.1;0.0001;0.1;0.1;0.0001
1480555800;9;-1;-1;0.040174406;32578387;31714094;-1;1;0.1;0.1;0.0001;0.1;0.1;0.0001
1480555800;10;-1;-1;0.039288092;0.63774985;4404099;-1;1;0.1;0.1;0.0001;0.1;0.1;0.0001
1480555800;11;-1;-1;0.039471466;16422058;16563076;-1;1;0.1;0.1;0.0001;0.1;0.1;0.0001
1480555800;12;-1;-1;0.038203124;22586973;22058659;-1;1;0.1;0.1;0.0001;0.1;0.1;0.0001
1480555800;13;-1;-1;0.020797782;11128735;11181984;0.39772934;1;0.1;0.1;0.0001;0.1;0.1;0.0001
1480555800;14;-1;-1;-1;10315603;32362874;0.09354024;1;0.1;0.1;0.0001;0.1;0.1;0.0001
1480555800;15;-1;-1;-1;31632393;2167702;0.9511583;1;0.1;0.1;0.0001;0.1;0.1;0.0001
1480555800;16;-1;-1;0.010895531;17771961;0.85105205;0.3618443;1;0.1;0.1;0.0001;0.1;0.1;0.0001
1480555800;17;-1;-1;0.011063625;8630881;20646598;0.09106992;1;0.1;0.1;0.0001;0.1;0.1;0.0001
1480555800;27;-1;-1;0.032009125;42516656;35606797;0.15903412;1;0.1;0.1;0.0001;0.1;0.1;0.0001
1480555800;28;-1;-1;0.032931093;7222517;15685309;0.66919327;1;0.1;0.1;0.0001;0.1;0.1;0.0001
1480555800;29;-1;-1;0.021480342;25090141;63313694;0.49060613;1;0.1;0.1;0.0001;0.1;0.1;0.0001
1480555800;32;-1;-1;0.014074031;8328482;0.8128883;-1;1;0.1;0.1;0.0001;0.1;0.1;0.0001
1480555800;33;-1;-1;-1;9486529;0.71366245;0.36153877;1;0.1;0.1;0.0001;0.1;0.1;0.0001
1480555800;35;-1;-1;-1;17894196;60107937;0.22733873;1;0.1;0.1;0.0001;0.1;0.1;0.0001
1480555800;36;-1;-1;0.017578531;15906544;10189726;-1;1;0.1;0.1;0.0001;0.1;0.1;0.0001
1480555800;38;-1;-1;0.024312468;553248;0.49612898;-1;1;0.1;0.1;0.0001;0.1;0.1;0.0001
1480555800;41;-1;-1;-1;5851355;12517716;-1;1;0.1;0.1;0.0001;0.1;0.1;0.0001
1480555800;43;2.02;25.12;0.03412303;6329667;0.73274434;0.34701368;1;0.1;0.1;0.0001;0.1;0.1;0.0001
1480555800;44;-1;-1;0.03453053;16103183;28737319;0.09717151;1;0.1;0.1;0.0001;0.1;0.1;0.0001
1480555800;46;-1;-1;0.021072844;12324516;-1;1522342;1;0.1;0.1;0.0001;0.1;0.1;0.0001
1480555800;48;-1;-1;0.028677812;8678712;30721834;0.29665592;1;0.1;0.1;0.0001;0.1;0.1;0.0001
1480555800;49;2.54;-1;0.031041311;3241895;20837417;0.44994637;1;0.1;0.1;0.0001;0.1;0.1;0.0001
1480555800;50;-1;-1;0.02874403;8466129;29080791;0.6515519;1;0.1;0.1;0.0001;0.1;0.1;0.0001
1480555800;51;-1;-1;0.013911031;30346262;0.9197469;0.19160211;1;0.1;0.1;0.0001;0.1;0.1;0.0001
1480555800;52;-1;-1;-1;73022356;21562529;0.12638755;1;0.1;0.1;0.0001;0.1;0.1;0.0001
1480555800;53;-1;-1;-1;86574545;19387194;0.29898655;1;0.1;0.1;0.0001;0.1;0.1;0.0001
1480555800;54;-1;-1;0.016335657;7169371;-1;0.30739263;1;0.1;0.1;0.0001;0.1;0.1;0.0001
1480555800;55;-1;-1;0.022468532;5543109;12365061;-1;1;0.1;0.1;0.0001;0.1;0.1;0.0001
1480555800;56;-1;-1;0.034403186;31356034;0;0.19573967;1;0.1;0.1;0.0001;0.1;0.1;0.0001
1480555800;57;-1;-1;0.010335219;12574301;1660124;0.3998592;1;0.1;0.1;0.0001;0.1;0.1;0.0001
1480555800;58;-1;-1;0.015265969;28114138;0.36637217;0.39736268;1;0.1;0.1;0.0001;0.1;0.1;0.0001
1480555800;59;-1;-1;0.025489125;4777809;13929776;0.31362516;1;0.1;0.1;0.0001;0.1;0.1;0.0001
1480555800;60;-1;-1;0.020726468;0.6111769;0.8014391;-1;1;0.1;0.1;0.0001;0.1;0.1;0.0001
1480555800;61;-1;-1;0.025295563;4607743;29195282;0.2011342;1;0.1;0.1;0.0001;0.1;0.1;0.0001
1480556400;1;-1;-1;0.04210494;24606514;2976774;0.36811173;1;0.1;0.1;0.0001;0.1;0.1;0.0001
1480556400;2;-1;-1;-1;50329094;36408236;-1;1;0.1;0.1;0.0001;0.1;0.1;0.0001
1480556400;3;-1;-1;0.03754603;0.80250186;32973497;0.30174494;1;0.1;0.1;0.0001;0.1;0.1;0.0001
1480556400;4;-1;-1;-1;33269284;0.9388287;-1;1;0.1;0.1;0.0001;0.1;0.1;0.0001
1480556400;5;-1;-1;0.039634466;0.6802665;15647144;0.22057374;1;0.1;0.1;0.0001;0.1;0.1;0.0001
1480556400;6;-1;-1;-1;23703036;0.8167047;-1;1;0.1;0.1;0.0001;0.1;0.1;0.0001
1480556400;7;-1;-1;0.04364325;71374836;0.9655433;-1;1;0.1;0.1;0.0001;0.1;0.1;0.0001
1480556400;8;-1;-1;0.04321537;35288823;10876673;0.2795296;1;0.1;0.1;0.0001;0.1;0.1;0.0001
1480556400;9;-1;-1;0.040658314;31834345;33469627;-1;1;0.1;0.1;0.0001;0.1;0.1;0.0001
1480556400;10;-1;-1;0.039726157;0.5686603;42094636;-1;1;0.1;0.1;0.0001;0.1;0.1;0.0001
1480556400;11;-1;-1;0.03858006;18016434;14158758;-1;1;0.1;0.1;0.0001;0.1;0.1;0.0001
1480556400;12;-1;-1;0.038065594;22533827;17975135;-1;1;0.1;0.1;0.0001;0.1;0.1;0.0001
1480556400;13;-1;-1;0.02106775;10825804;13548138;0.4488814;1;0.1;0.1;0.0001;0.1;0.1;0.0001
1480556400;14;-1;-1;-1;10708882;33545952;0.087168045;1;0.1;0.1;0.0001;0.1;0.1;0.0001
1480556400;15;-1;-1;-1;31366663;21753347;0.8674993;1;0.1;0.1;0.0001;0.1;0.1;0.0001
1480556400;16;-1;-1;0.014501906;13541554;12021587;0.32436186;1;0.1;0.1;0.0001;0.1;0.1;0.0001
1480556400;17;-1;-1;0.008134719;8699971;21753347;0.13362393;1;0.1;0.1;0.0001;0.1;0.1;0.0001
1480556400;18;8.78;27.67;0.033506688;9300518;51330266;-1;1;0.1;0.1;0.0001;0.1;0.1;0.0001
1480556400;19;-1;-1;0.029309439;31728053;3140878;0.40120345;1;0.1;0.1;0.0001;0.1;0.1;0.0001
1480556400;20;-1;-1;0.025667407;0;0.65260047;0.5385896;1;0.1;0.1;0.0001;0.1;0.1;0.0001
1480556400;21;-1;-1;0.03804522;9730999;57474637;0.6090503;1;0.1;0.1;0.0001;0.1;0.1;0.0001
1480556400;22;-1;-1;-1;20354848;0.40835235;0.21630526;1;0.1;0.1;0.0001;0.1;0.1;0.0001
1480556400;23;28.52;20.44;-1;35076241;20417616;-1;1;0.1;0.1;0.0001;0.1;0.1;0.0001
1480556400;24;0;-1;-1;4921303;16792059;-1;1;0.1;0.1;0.0001;0.1;0.1;0.0001
1480556400;25;9.82;-1;0.0378975;4272924;0.38927042;-1;1;0.1;0.1;0.0001;0.1;0.1;0.0001
1480556400;27;-1;-1;0.03239625;44589343;2988223;0.15615353;1;0.1;0.1;0.0001;0.1;0.1;0.0001
1480556400;34;-1;-1;-1;12877232;15761636;0.3601596;1;0.1;0.1;0.0001;0.1;0.1;0.0001
1480556400;37;-1;-1;-1;4310126;1812779;-1;1;0.1;0.1;0.0001;0.1;0.1;0.0001
1480556400;39;-1;-1;-1;15890601;3079816;-1;1;0.1;0.1;0.0001;0.1;0.1;0.0001
1480556400;44;-1;-1;0.039084345;0.7334123;23127244;0.07250328;1;0.1;0.1;0.0001;0.1;0.1;0.0001
1480556400;46;-1;-1;0.02100153;9784145;-1;10667044;1;0.1;0.1;0.0001;0.1;0.1;0.0001
1480556400;48;-1;-1;0.027985062;984792;31256125;0.27498174;1;0.1;0.1;0.0001;0.1;0.1;0.0001
1480556400;49;2.52;-1;0.028535187;3789297;20684762;0.43609336;1;0.1;0.1;0.0001;0.1;0.1;0.0001
1480556400;50;-1;-1;0.031830844;58141522;26561983;0.69441146;1;0.1;0.1;0.0001;0.1;0.1;0.0001
1480556400;51;-1;-1;0.013778593;0.19663954;0.9082977;0.1999296;1;0.1;0.1;0.0001;0.1;0.1;0.0001
1480556400;52;-1;-1;-1;807285;21600692;0.13228838;1;0.1;0.1;0.0001;0.1;0.1;0.0001
1480556400;53;-1;-1;-1;10193368;1912005;0.2985763;1;0.1;0.1;0.0001;0.1;0.1;0.0001
1480556400;54;-1;-1;0.01544425;7094967;-1;0.30488738;1;0.1;0.1;0.0001;0.1;0.1;0.0001
1480556400;55;-1;-1;0.022331;54687047;12899355;-1;1;0.1;0.1;0.0001;0.1;0.1;0.0001
1480556400;56;-1;-1;0.033506688;33853886;0;0.19989468;1;0.1;0.1;0.0001;0.1;0.1;0.0001
1480556400;57;-1;-1;0.012245376;10666366;1732635;0.39569545;1;0.1;0.1;0.0001;0.1;0.1;0.0001
1480556400;58;-1;-1;0.014970531;2582887;0.30912653;0.39652473;1;0.1;0.1;0.0001;0.1;0.1;0.0001
1480556400;59;-1;-1;0.025738718;45811696;13433646;0.31403542;1;0.1;0.1;0.0001;0.1;0.1;0.0001
1480556400;60;-1;-1;0.018393531;0.4676832;10876673;-1;1;0.1;0.1;0.0001;0.1;0.1;0.0001
1480556400;61;-1;-1;0.023655374;445362;28508334;0.22523504;1;0.1;0.1;0.0001;0.1;0.1;0.0001
1480557000;1;-1;-1;0.04186044;23968766;293861;0.37260717;1;0.1;0.1;0.0001;0.1;0.1;0.0001
1480557000;2;-1;-1;-1;4756551;35988436;-1;1;0.1;0.1;0.0001;0.1;0.1;0.0001
1480557000;3;-1;-1;0.037596967;0.82376015;32935333;0.30513182;1;0.1;0.1;0.0001;0.1;0.1;0.0001
1480557000;4;-1;-1;-1;32737825;12517716;-1;1;0.1;0.1;0.0001;0.1;0.1;0.0001
1480557000;5;-1;-1;0.03852403;0.7334123;15685309;0.22234574;1;0.1;0.1;0.0001;0.1;0.1;0.0001
1480557000;6;-1;-1;-1;2402191;0.74800986;-1;1;0.1;0.1;0.0001;0.1;0.1;0.0001
1480557000;7;-1;-1;0.043821532;77911773;10151563;-1;1;0.1;0.1;0.0001;0.1;0.1;0.0001
1480557000;8;-1;-1;0.04346497;4203834;0.8548684;0.28805783;1;0.1;0.1;0.0001;0.1;0.1;0.0001
1480557000;9;-1;-1;0.040388346;343322;29958558;-1;1;0.1;0.1;0.0001;0.1;0.1;0.0001
1480557000;10;-1;-1;0.035050094;36511178;4224729;-1;1;0.1;0.1;0.0001;0.1;0.1;0.0001
1480557000;11;-1;-1;0.038473092;19291933;14578559;-1;1;0.1;0.1;0.0001;0.1;0.1;0.0001
1480557000;12;-1;-1;0.030312905;5580311;21409874;-1;1;0.1;0.1;0.0001;0.1;0.1;0.0001
1480557000;13;-1;-1;0.019590562;11665507;17440842;0.4783768;1;0.1;0.1;0.0001;0.1;0.1;0.0001
1480557000;14;-1;-1;-1;9879807;30836325;0.083624065;1;0.1;0.1;0.0001;0.1;0.1;0.0001
1480557000;15;-1;-1;-1;30170881;25073597;0.85925907;1;0.1;0.1;0.0001;0.1;0.1;0.0001
1480557000;16;-1;-1;0.01603003;107354555;11410967;0.2719615;1;0.1;0.1;0.0001;0.1;0.1;0.0001
1480557000;17;-1;-1;0.00990225;65263066;21753347;0.13923667;1;0.1;0.1;0.0001;0.1;0.1;0.0001
1480557000;20;-1;-1;0.024755625;0;0.6487841;0.53078586;1;0.1;0.1;0.0001;0.1;0.1;0.0001
1480557000;26;-1;-1;0.03541175;4655574;13090173;0.36420113;1;0.1;0.1;0.0001;0.1;0.1;0.0001
1480557000;27;-1;-1;0.032763;40337677;35606797;0.15862384;1;0.1;0.1;0.0001;0.1;0.1;0.0001
1480557000;28;-1;-1;0.03691441;23331015;15570817;0.6498672;1;0.1;0.1;0.0001;0.1;0.1;0.0001
1480557000;29;-1;-1;0.019402094;28704056;6369533;0.5167932;1;0.1;0.1;0.0001;0.1;0.1;0.0001
1480557000;38;-1;-1;0.023762345;73872685;0.5800893;-1;1;0.1;0.1;0.0001;0.1;0.1;0.0001
1480557000;43;3.39;25.12;0.03375628;67601485;10304217;0.3693949;1;0.1;0.1;0.0001;0.1;0.1;0.0001
1480557000;44;-1;-1;0.040036876;0.5314582;21448038;0.0712463;1;0.1;0.1;0.0001;0.1;0.1;0.0001
1480557000;46;-1;-1;0.023915157;622869;-1;0.85975665;1;0.1;0.1;0.0001;0.1;0.1;0.0001
1480557000;48;-1;-1;0.027460406;9869179;33126152;0.29079002;1;0.1;0.1;0.0001;0.1;0.1;0.0001
1480557000;49;2.53;-1;0.030649092;197171;20417616;0.42430046;1;0.1;0.1;0.0001;0.1;0.1;0.0001
1480557000;50;-1;-1;0.036343906;32100074;26447492;0.6624719;1;0.1;0.1;0.0001;0.1;0.1;0.0001
1480557000;51;-1;-1;0.011476219;3353501;0.8014391;0.1999296;1;0.1;0.1;0.0001;0.1;0.1;0.0001
1480557000;52;-1;-1;-1;8125996;20608435;0.1291983;1;0.1;0.1;0.0001;0.1;0.1;0.0001
1480557000;53;-1;-1;-1;9396181;19539849;0.296106;1;0.1;0.1;0.0001;0.1;0.1;0.0001
1480557000;54;-1;-1;0.0147515;73022356;-1;0.35820428;1;0.1;0.1;0.0001;0.1;0.1;0.0001
1480557000;55;-1;-1;0.020787595;57928944;12594043;-1;1;0.1;0.1;0.0001;0.1;0.1;0.0001
1480557000;56;-1;-1;0.03258472;32950406;0;0.19844566;1;0.1;0.1;0.0001;0.1;0.1;0.0001
1480557000;57;-1;-1;0.011899;9810718;24424813;0.3998592;1;0.1;0.1;0.0001;0.1;0.1;0.0001
1480557000;58;-1;-1;0.013722563;432607;0.26714638;0.36487326;1;0.1;0.1;0.0001;0.1;0.1;0.0001
1480557000;59;-1;-1;0.024796376;50222797;12403225;0.31650573;1;0.1;0.1;0.0001;0.1;0.1;0.0001
1480557000;60;-1;-1;0.018770467;0.15412287;10571364;-1;1;0.1;0.1;0.0001;0.1;0.1;0.0001
1480557000;61;-1;-1;0.022784343;3778668;29958558;0.20786428;1;0.1;0.1;0.0001;0.1;0.1;0.0001
1480557600;1;-1;-1;0.041442752;20992599;27516077;0.37302616;1;0.1;0.1;0.0001;0.1;0.1;0.0001
1480557600;2;-1;-1;-1;4714034;38392754;-1;1;0.1;0.1;0.0001;0.1;0.1;0.0001
1480557600;3;-1;-1;0.037968814;14136789;38698063;0.30089822;1;0.1;0.1;0.0001;0.1;0.1;0.0001
1480557600;4;-1;-1;-1;343322;13738956;-1;1;0.1;0.1;0.0001;0.1;0.1;0.0001
1480557600;5;-1;-1;0.03801975;0.64306444;13853449;0.22021586;1;0.1;0.1;0.0001;0.1;0.1;0.0001
1480557600;6;-1;-1;-1;23490453;0.6754987;-1;1;0.1;0.1;0.0001;0.1;0.1;0.0001
1480557600;7;-1;-1;0.043607593;69727316;10266054;-1;1;0.1;0.1;0.0001;0.1;0.1;0.0001
1480557600;8;-1;-1;0.04186553;57982087;10380545;0.28521216;1;0.1;0.1;0.0001;0.1;0.1;0.0001
1480557600;9;-1;-1;0.04005725;3332243;28699155;-1;1;0.1;0.1;0.0001;0.1;0.1;0.0001
1480557600;10;-1;-1;0.039466377;11213768;43621187;-1;1;0.1;0.1;0.0001;0.1;0.1;0.0001
1480557600;11;-1;-1;0.03913019;19026203;12899355;-1;1;0.1;0.1;0.0001;0.1;0.1;0.0001
1480557600;12;-1;-1;0.025081625;8397039;19806997;-1;1;0.1;0.1;0.0001;0.1;0.1;0.0001
1480557600;13;-1;-1;0.020461593;11734597;14120594;0.42011052;1;0.1;0.1;0.0001;0.1;0.1;0.0001
1480557600;14;-1;-1;-1;10081761;29958558;0.075471155;1;0.1;0.1;0.0001;0.1;0.1;0.0001
1480557600;15;-1;-1;-1;29246143;22402132;0.82896936;1;0.1;0.1;0.0001;0.1;0.1;0.0001
1480557600;16;-1;-1;0.017843405;9087935;12784863;0.22826402;1;0.1;0.1;0.0001;0.1;0.1;0.0001
1480557600;17;-1;-1;0.008435249;74563584;22516625;0.12076607;1;0.1;0.1;0.0001;0.1;0.1;0.0001
1480557600;18;7.62;31.02;0.032773186;8434241;5468868;-1;1;0.1;0.1;0.0001;0.1;0.1;0.0001
1480557600;19;-1;-1;0.03090378;2529741;27210767;0.48323882;1;0.1;0.1;0.0001;0.1;0.1;0.0001
1480557600;21;-1;-1;0.032034595;136372175;8239557;0.489515;1;0.1;0.1;0.0001;0.1;0.1;0.0001
1480557600;22;-1;-1;-1;20567431;0.35873944;0.2200151;1;0.1;0.1;0.0001;0.1;0.1;0.0001
1480557600;23;28.6;20.49;-1;5782265;2034129;-1;1;0.1;0.1;0.0001;0.1;0.1;0.0001
1480557600;24;0;-1;-1;53836718;18051462;-1;1;0.1;0.1;0.0001;0.1;0.1;0.0001
1480557600;25;11.81;-1;0.037596967;4347328;0.40071955;-1;1;0.1;0.1;0.0001;0.1;0.1;0.0001
1480557600;26;-1;-1;0.0352895;51179423;16677567;0.3624466;1;0.1;0.1;0.0001;0.1;0.1;0.0001
1480557600;27;-1;-1;0.033078812;4203834;29691412;0.16398346;1;0.1;0.1;0.0001;0.1;0.1;0.0001
1480557600;28;-1;-1;0.029635437;8062221;16944714;0.6453718;1;0.1;0.1;0.0001;0.1;0.1;0.0001
1480557600;32;-1;-1;0.012586656;73250885;0.7823572;-1;1;0.1;0.1;0.0001;0.1;0.1;0.0001
1480557600;33;-1;-1;-1;10049874;0.73274434;0.36187047;1;0.1;0.1;0.0001;0.1;0.1;0.0001
1480557600;34;-1;-1;-1;13190792;17479006;0.35873675;1;0.1;0.1;0.0001;0.1;0.1;0.0001
1480557600;35;-1;-1;-1;15911859;6037508;0.21367781;1;0.1;0.1;0.0001;0.1;0.1;0.0001
1480557600;36;-1;-1;0.032824125;4597113;10151563;-1;1;0.1;0.1;0.0001;0.1;0.1;0.0001
1480557600;37;-1;-1;-1;4209149;20722926;-1;1;0.1;0.1;0.0001;0.1;0.1;0.0001
1480557600;39;-1;-1;-1;15731163;25684216;-1;1;0.1;0.1;0.0001;0.1;0.1;0.0001
1480557600;40;-1;-1;0.027893374;3890274;27668731;-1;1;0.1;0.1;0.0001;0.1;0.1;0.0001
1480557600;41;-1;-1;-1;37839823;17288188;-1;1;0.1;0.1;0.0001;0.1;0.1;0.0001
1480557600;44;-1;-1;0.03939506;0.5314582;2125722;0.072651684;1;0.1;0.1;0.0001;0.1;0.1;0.0001
1480557600;46;-1;-1;0.029243218;7041821;-1;10256692;1;0.1;0.1;0.0001;0.1;0.1;0.0001
1480557600;48;-1;-1;0.028530093;8444871;30416522;0.27320105;1;0.1;0.1;0.0001;0.1;0.1;0.0001
1480557600;49;2.61;-1;0.033435374;13392746;20264962;0.36364245;1;0.1;0.1;0.0001;0.1;0.1;0.0001
1480557600;50;-1;-1;0.032630563;45439677;27287095;0.66330117;1;0.1;0.1;0.0001;0.1;0.1;0.0001
1480557600;51;-1;-1;0.011552625;48894153;0.8472357;0.15077645;1;0.1;0.1;0.0001;0.1;0.1;0.0001
1480557600;52;-1;-1;-1;8141939;20722926;0.12563686;1;0.1;0.1;0.0001;0.1;0.1;0.0001
1480557600;53;-1;-1;-1;1258493;19349031;0.34617567;1;0.1;0.1;0.0001;0.1;0.1;0.0001
1480557600;54;-1;-1;0.013376188;8843464;-1;0.3190546;1;0.1;0.1;0.0001;0.1;0.1;0.0001
1480557600;55;-1;-1;0.020726468;60161066;11983423;-1;1;0.1;0.1;0.0001;0.1;0.1;0.0001
1480557600;56;-1;-1;0.031489562;3571399;0;0.19844566;1;0.1;0.1;0.0001;0.1;0.1;0.0001
1480557600;57;-1;-1;0.010956656;1034749;18929229;0.38652998;1;0.1;0.1;0.0001;0.1;0.1;0.0001
1480557600;58;-1;-1;0.013564656;49638195;0.41980147;0.34571305;1;0.1;0.1;0.0001;0.1;0.1;0.0001
1480557600;59;-1;-1;0.02325297;54474463;13052009;0.31425366;1;0.1;0.1;0.0001;0.1;0.1;0.0001
1480557600;60;-1;-1;0.014338906;0.5420874;11907096;-1;1;0.1;0.1;0.0001;0.1;0.1;0.0001
1480557600;61;-1;-1;0.023930438;3927476;2847017;0.1977648;1;0.1;0.1;0.0001;0.1;0.1;0.0001
1480558200;1;-1;-1;0.04041381;241282;29157119;0.39040565;1;0.1;0.1;0.0001;0.1;0.1;0.0001
1480558200;2;-1;-1;-1;28539305;39881136;-1;1;0.1;0.1;0.0001;0.1;0.1;0.0001
1480558200;3;-1;-1;0.037158906;17006663;4041543;0.27970415;1;0.1;0.1;0.0001;0.1;0.1;0.0001
1480558200;4;-1;-1;-1;35395114;11410967;-1;1;0.1;0.1;0.0001;0.1;0.1;0.0001
1480558200;5;-1;-1;0.037922967;13180163;10953001;0.2191509;1;0.1;0.1;0.0001;0.1;0.1;0.0001
1480558200;6;-1;-1;-1;22055516;0.72129524;-1;1;0.1;0.1;0.0001;0.1;0.1;0.0001
1480558200;7;-1;-1;0.044096593;74138417;11029329;-1;1;0.1;0.1;0.0001;0.1;0.1;0.0001
1480558200;8;-1;-1;0.042099845;6202117;0.9082977;0.28308228;1;0.1;0.1;0.0001;0.1;0.1;0.0001
1480558200;9;-1;-1;0.04027628;33960178;3068367;-1;1;0.1;0.1;0.0001;0.1;0.1;0.0001
1480558200;10;-1;-1;0.03660369;1806958;44384465;-1;1;0.1;0.1;0.0001;0.1;0.1;0.0001
1480558200;11;-1;-1;0.038248967;17591265;16066947;-1;1;0.1;0.1;0.0001;0.1;0.1;0.0001
1480558200;12;-1;-1;0.024500936;13105759;17021041;-1;1;0.1;0.1;0.0001;0.1;0.1;0.0001
1480558200;13;-1;-1;0.021663718;965128;20493944;0.40109873;1;0.1;0.1;0.0001;0.1;0.1;0.0001
1480558200;14;-1;-1;-1;1201627;30302033;0.0761782;1;0.1;0.1;0.0001;0.1;0.1;0.0001
1480558200;15;-1;-1;-1;29607536;1912005;0.73253983;1;0.1;0.1;0.0001;0.1;0.1;0.0001
1480558200;16;-1;-1;0.017695688;9114508;10456873;0.22417884;1;0.1;0.1;0.0001;0.1;0.1;0.0001
1480558200;17;-1;-1;0.004772844;13079186;2015047;0.13603313;1;0.1;0.1;0.0001;0.1;0.1;0.0001
1480558200;18;7.81;34.65;0.03506537;62765217;66099644;-1;1;0.1;0.1;0.0001;0.1;0.1;0.0001
1480558200;20;-1;-1;0.024455093;0;0.557191;0.5690539;1;0.1;0.1;0.0001;0.1;0.1;0.0001
1480558200;26;-1;-1;0.03551872;4931932;1599062;0.3625077;1;0.1;0.1;0.0001;0.1;0.1;0.0001
1480558200;27;-1;-1;0.03270697;4102857;3068367;0.16109416;1;0.1;0.1;0.0001;0.1;0.1;0.0001
1480558200;28;-1;-1;0.036384657;48841004;17059203;0.67570513;1;0.1;0.1;0.0001;0.1;0.1;0.0001
1480558200;29;-1;-1;0.020135593;24213236;5457419;0.70009404;1;0.1;0.1;0.0001;0.1;0.1;0.0001
1480558200;44;-1;-1;0.039649747;0.5314582;2057027;0.0723287;1;0.1;0.1;0.0001;0.1;0.1;0.0001
1480558200;46;-1;-1;0.01974847;8843464;-1;11462868;1;0.1;0.1;0.0001;0.1;0.1;0.0001
1480558200;48;-1;-1;0.0312145;5782265;31370618;0.25845772;1;0.1;0.1;0.0001;0.1;0.1;0.0001
1480558200;49;7.25;-1;0.034683343;1551858;20112307;0.40384835;1;0.1;0.1;0.0001;0.1;0.1;0.0001
1480558200;50;-1;-1;0.0361045;44801927;28699155;0.6435212;1;0.1;0.1;0.0001;0.1;0.1;0.0001
1480558200;51;-1;-1;0.011746187;0.80250186;0.8128883;0.15660745;1;0.1;0.1;0.0001;0.1;0.1;0.0001
1480558200;52;-1;-1;-1;7227832;19997814;0.1254361;1;0.1;0.1;0.0001;0.1;0.1;0.0001
1480558200;53;-1;-1;-1;10772657;19234539;0.30187586;1;0.1;0.1;0.0001;0.1;0.1;0.0001
1480558200;54;-1;-1;0.014420406;8556478;-1;0.2998944;1;0.1;0.1;0.0001;0.1;0.1;0.0001
1480558200;55;-1;-1;0.020324063;59151297;11220148;-1;1;0.1;0.1;0.0001;0.1;0.1;0.0001
1480558200;56;-1;-1;0.030557407;39221616;0;0.19781716;1;0.1;0.1;0.0001;0.1;0.1;0.0001
1480558200;57;-1;-1;0.011725813;9539675;16982876;0.3998592;1;0.1;0.1;0.0001;0.1;0.1;0.0001
1480558200;58;-1;-1;0.012413469;5187032;0.232799;0.3223891;1;0.1;0.1;0.0001;0.1;0.1;0.0001
1480558200;59;-1;-1;0.023069594;50329094;1347181;0.31712547;1;0.1;0.1;0.0001;0.1;0.1;0.0001
1480558200;60;-1;-1;0.010793656;0.46236864;105332;-1;1;0.1;0.1;0.0001;0.1;0.1;0.0001
1480558200;61;-1;-1;0.024521312;432607;28928137;0.17011997;1;0.1;0.1;0.0001;0.1;0.1;0.0001
1480558800;1;-1;-1;0.03843234;31302886;28546498;0.4172736;1;0.1;0.1;0.0001;0.1;0.1;0.0001
1480558800;2;-1;-1;-1;8195086;4117871;-1;1;0.1;0.1;0.0001;0.1;0.1;0.0001
1480558800;3;-1;-1;0.036990814;19982828;4114054;0.27377716;1;0.1;0.1;0.0001;0.1;0.1;0.0001
1480558800;5;-1;-1;0.03889078;0.44642487;11639949;0.22163868;1;0.1;0.1;0.0001;0.1;0.1;0.0001
1480558800;6;-1;-1;-1;2264012;0.7174789;-1;1;0.1;0.1;0.0001;0.1;0.1;0.0001
1480558800;7;-1;-1;0.04446844;6786721;11296476;-1;1;0.1;0.1;0.0001;0.1;0.1;0.0001
1480558800;8;-1;-1;0.040699065;5697232;13280991;0.28165948;1;0.1;0.1;0.0001;0.1;0.1;0.0001
1480558800;9;-1;-1;0.039614093;34013326;3007305;-1;1;0.1;0.1;0.0001;0.1;0.1;0.0001
1480558800;10;-1;-1;0.034683343;3470422;4404099;-1;1;0.1;0.1;0.0001;0.1;0.1;0.0001
1480558800;11;-1;-1;0.03831519;17272391;19730669;-1;1;0.1;0.1;0.0001;0.1;0.1;0.0001
1480558800;12;-1;-1;0.0338225;52029757;21562529;-1;1;0.1;0.1;0.0001;0.1;0.1;0.0001
1480558800;13;-1;-1;0.020339344;115273285;2045578;0.39292836;1;0.1;0.1;0.0001;0.1;0.1;0.0001
1480558800;14;-1;-1;-1;10501614;315996;0.08078713;1;0.1;0.1;0.0001;0.1;0.1;0.0001
1480558800;15;-1;-1;-1;29570333;22936425;0.7422203;1;0.1;0.1;0.0001;0.1;0.1;0.0001
1480558800;16;-1;-1;0.014680187;10304975;0.2824119;0.24851537;1;0.1;0.1;0.0001;0.1;0.1;0.0001
1480558800;17;-1;-1;0.005689719;12866602;2217315;0.14846326;1;0.1;0.1;0.0001;0.1;0.1;0.0001
1480558800;19;-1;-1;0.028132781;32259514;2228764;0.39634138;1;0.1;0.1;0.0001;0.1;0.1;0.0001
1480558800;21;-1;-1;0.036939874;8232287;63924313;0.65327156;1;0.1;0.1;0.0001;0.1;0.1;0.0001
1480558800;22;-1;-1;-1;27263806;0.7174789;0.21890649;1;0.1;0.1;0.0001;0.1;0.1;0.0001
1480558800;23;7.04;13.47;-1;53943005;2320357;-1;1;0.1;0.1;0.0001;0.1;0.1;0.0001
1480558800;24;0;-1;-1;5442132;17097368;-1;1;0.1;0.1;0.0001;0.1;0.1;0.0001
1480558800;25;12.76;-1;0.03662916;4602428;0.43506697;-1;1;0.1;0.1;0.0001;0.1;0.1;0.0001
1480558800;26;-1;-1;0.03620128;4719349;14922034;0.3635901;1;0.1;0.1;0.0001;0.1;0.1;0.0001
1480558800;27;-1;-1;0.032920904;36511178;31217964;0.16192342;1;0.1;0.1;0.0001;0.1;0.1;0.0001
1480558800;28;-1;-1;0.0375715;2327787;17402679;0.6334392;1;0.1;0.1;0.0001;0.1;0.1;0.0001
1480558800;29;-1;-1;0.008735781;3763787;69343567;0.40749708;1;0.1;0.1;0.0001;0.1;0.1;0.0001
1480558800;32;-1;-1;0.013228469;5674379;0.6793151;-1;1;0.1;0.1;0.0001;0.1;0.1;0.0001
1480558800;33;-1;-1;-1;94759;12441388;0.35970566;1;0.1;0.1;0.0001;0.1;0.1;0.0001
1480558800;36;-1;-1;0.035544187;3725522;10151563;-1;1;0.1;0.1;0.0001;0.1;0.1;0.0001
1480558800;37;-1;-1;-1;4065655;1831861;-1;1;0.1;0.1;0.0001;0.1;0.1;0.0001
1480558800;40;-1;-1;0.02962525;4575855;30454688;-1;1;0.1;0.1;0.0001;0.1;0.1;0.0001
1480558800;41;-1;-1;-1;36564324;14349577;-1;1;0.1;0.1;0.0001;0.1;0.1;0.0001
1480558800;43;3.33;26.78;0.037006095;61861734;12479552;0.3622895;1;0.1;0.1;0.0001;0.1;0.1;0.0001
1480558800;44;-1;-1;0.03989425;0.5314582;19578013;0.071063;1;0.1;0.1;0.0001;0.1;0.1;0.0001
1480558800;46;-1;-1;0.019677157;10916152;-1;12860821;1;0.1;0.1;0.0001;0.1;0.1;0.0001
1480558800;48;-1;-1;0.032487936;5373042;2988223;0.23288168;1;0.1;0.1;0.0001;0.1;0.1;0.0001
1480558800;49;9.09;-1;0.02920247;18335308;19959651;0.3749291;1;0.1;0.1;0.0001;0.1;0.1;0.0001
1480558800;50;-1;-1;0.03621147;48841004;25264413;0.63445175;1;0.1;0.1;0.0001;0.1;0.1;0.0001
1480558800;51;-1;-1;0.013101124;2046114;0.83960295;0.2240828;1;0.1;0.1;0.0001;0.1;0.1;0.0001
1480558800;52;-1;-1;-1;73553815;21104565;0.12100174;1;0.1;0.1;0.0001;0.1;0.1;0.0001
1480558800;53;-1;-1;-1;8795632;19883324;0.29940557;1;0.1;0.1;0.0001;0.1;0.1;0.0001
1480558800;54;-1;-1;0.013635969;832795;-1;0.3165581;1;0.1;0.1;0.0001;0.1;0.1;0.0001
1480558800;55;-1;-1;0.01956;6303094;11563622;-1;1;0.1;0.1;0.0001;0.1;0.1;0.0001
1480558800;56;-1;-1;0.029895218;4065655;0;0.19760768;1;0.1;0.1;0.0001;0.1;0.1;0.0001
1480558800;57;-1;-1;0.012326876;91198225;23737862;0.36487326;1;0.1;0.1;0.0001;0.1;0.1;0.0001
1480558800;58;-1;-1;0.014364376;41400595;0.1984516;0.31738737;1;0.1;0.1;0.0001;0.1;0.1;0.0001
1480558800;59;-1;-1;0.022723218;4921303;1377712;0.31581613;1;0.1;0.1;0.0001;0.1;0.1;0.0001
1480558800;60;-1;-1;0.014435688;0.685581;0.68313146;-1;1;0.1;0.1;0.0001;0.1;0.1;0.0001
1480558800;61;-1;-1;0.024511125;3571399;28088534;0.18341428;1;0.1;0.1;0.0001;0.1;0.1;0.0001
1480559400;1;-1;-1;0.037270967;2758268;28393843;0.40311512;1;0.1;0.1;0.0001;0.1;0.1;0.0001
1480559400;2;-1;-1;-1;8094108;40529923;-1;1;0.1;0.1;0.0001;0.1;0.1;0.0001
1480559400;3;-1;-1;0.037270967;16209475;4224729;0.30513182;1;0.1;0.1;0.0001;0.1;0.1;0.0001
1480559400;5;-1;-1;0.037286248;0.72809774;14120594;0.2209229;1;0.1;0.1;0.0001;0.1;0.1;0.0001
1480559400;7;-1;-1;0.04413225;64997334;11449131;-1;1;0.1;0.1;0.0001;0.1;0.1;0.0001
1480559400;8;-1;-1;0.040189687;4958505;11716276;0.26922932;1;0.1;0.1;0.0001;0.1;0.1;0.0001
1480559400;9;-1;-1;0.040597185;34491637;30836325;-1;1;0.1;0.1;0.0001;0.1;0.1;0.0001
1480559400;11;-1;-1;0.038350843;16740934;16334094;-1;1;0.1;0.1;0.0001;0.1;0.1;0.0001
1480559400;12;-1;-1;0.035238564;35873427;18051462;-1;1;0.1;0.1;0.0001;0.1;0.1;0.0001
1480559400;13;-1;-1;0.022794532;864151;19654341;0.31370372;1;0.1;0.1;0.0001;0.1;0.1;0.0001
1480559400;16;-1;-1;0.011527156;13924205;0.10304218;0.24407226;1;0.1;0.1;0.0001;0.1;0.1;0.0001
1480559400;17;-1;-1;0.005266937;14471606;21562529;0.16303201;1;0.1;0.1;0.0001;0.1;0.1;0.0001
1480559400;18;7.9;38.41;0.031830844;7700829;87433195;-1;1;0.1;0.1;0.0001;0.1;0.1;0.0001
1480559400;19;-1;-1;0.028260125;3470422;32668188;0.39037946;1;0.1;0.1;0.0001;0.1;0.1;0.0001
1480559400;20;-1;-1;0.022794532;0.005314582;0.76709175;0.5555937;1;0.1;0.1;0.0001;0.1;0.1;0.0001
1480559400;21;-1;-1;0.038839843;5043538;47666545;0.6709478;1;0.1;0.1;0.0001;0.1;0.1;0.0001
1480559400;22;-1;-1;-1;4193205;0.8167047;0.2206523;1;0.1;0.1;0.0001;0.1;0.1;0.0001
1480559400;24;0;-1;-1;5888557;17555333;-1;1;0.1;0.1;0.0001;0.1;0.1;0.0001
1480559400;25;12.76;-1;0.033858158;6047994;0.45414886;-1;1;0.1;0.1;0.0001;0.1;0.1;0.0001
1480559400;26;-1;-1;0.035865095;44164176;17593498;0.36315364;1;0.1;0.1;0.0001;0.1;0.1;0.0001
1480559400;27;-1;-1;0.033577997;3406647;31294289;0.1512129;1;0.1;0.1;0.0001;0.1;0.1;0.0001
1480559400;28;-1;-1;0.03763262;20142264;16868386;0.6773724;1;0.1;0.1;0.0001;0.1;0.1;0.0001
1480559400;35;-1;-1;-1;902416;62855725;0.2078381;1;0.1;0.1;0.0001;0.1;0.1;0.0001
1480559400;39;-1;-1;-1;13764766;2743975;-1;1;0.1;0.1;0.0001;0.1;0.1;0.0001
1480559400;44;-1;-1;0.039114907;0.5314582;19539849;0.07461571;1;0.1;0.1;0.0001;0.1;0.1;0.0001
1480559400;46;-1;-1;0.023482187;66698003;-1;0.8187215;1;0.1;0.1;0.0001;0.1;0.1;0.0001
1480559400;48;-1;-1;0.03345575;47087193;32286549;0.27515635;1;0.1;0.1;0.0001;0.1;0.1;0.0001
1480559400;49;9.11;-1;0.026543532;20301702;19730669;0.41386056;1;0.1;0.1;0.0001;0.1;0.1;0.0001
1480559400;50;-1;-1;0.036787063;3698949;29920394;0.6293016;1;0.1;0.1;0.0001;0.1;0.1;0.0001
1480559400;51;-1;-1;0.014002719;0.27635825;0.7747245;0.0999648;1;0.1;0.1;0.0001;0.1;0.1;0.0001
1480559400;52;-1;-1;-1;69355297;20532107;0.12508693;1;0.1;0.1;0.0001;0.1;0.1;0.0001
1480559400;53;-1;-1;-1;877969;19806997;0.29898655;1;0.1;0.1;0.0001;0.1;0.1;0.0001
1480559400;54;-1;-1;0.014216656;8466129;-1;0.32404763;1;0.1;0.1;0.0001;0.1;0.1;0.0001
1480559400;55;-1;-1;0.021006625;5681288;1286119;-1;1;0.1;0.1;0.0001;0.1;0.1;0.0001
1480559400;56;-1;-1;0.028957969;4373901;0;0.19781716;1;0.1;0.1;0.0001;0.1;0.1;0.0001
1480559400;57;-1;-1;0.013213187;8354523;17364515;0.369037;1;0.1;0.1;0.0001;0.1;0.1;0.0001
1480559400;58;-1;-1;0.015286344;2109889;0.30531016;0.31489086;1;0.1;0.1;0.0001;0.1;0.1;0.0001
1480559400;59;-1;-1;0.021286782;56919174;13433646;0.3149607;1;0.1;0.1;0.0001;0.1;0.1;0.0001
1480559400;60;-1;-1;0.011786937;0.9087935;12784863;-1;1;0.1;0.1;0.0001;0.1;0.1;0.0001
1480559400;61;-1;-1;0.01934097;31249743;2835568;0.19616738;1;0.1;0.1;0.0001;0.1;0.1;0.0001
1480560000;1;-1;-1;0.036965344;31302886;29805903;0.38684422;1;0.1;0.1;0.0001;0.1;0.1;0.0001
1480560000;2;-1;-1;-1;4650259;38545408;-1;1;0.1;0.1;0.0001;0.1;0.1;0.0001
1480560000;6;-1;-1;-1;24234493;0.77854085;-1;1;0.1;0.1;0.0001;0.1;0.1;0.0001
1480560000;7;-1;-1;0.04406603;6547565;10991166;-1;1;0.1;0.1;0.0001;0.1;0.1;0.0001
1480560000;12;-1;-1;0.03592622;32153223;2087558;-1;1;0.1;0.1;0.0001;0.1;0.1;0.0001
1480560000;13;-1;-1;0.025489125;68186088;19349031;0.3165494;1;0.1;0.1;0.0001;0.1;0.1;0.0001
1480560000;14;-1;-1;-1;62340045;32095728;0.049607053;1;0.1;0.1;0.0001;0.1;0.1;0.0001
1480560000;15;-1;-1;-1;28066307;19539849;0.654642;1;0.1;0.1;0.0001;0.1;0.1;0.0001
1480560000;16;-1;-1;0.013238656;1804832;0.33584115;0.22169106;1;0.1;0.1;0.0001;0.1;0.1;0.0001
1480560000;20;-1;-1;0.019942032;17219245;10876673;0.5378738;1;0.1;0.1;0.0001;0.1;0.1;0.0001
1480560000;23;5.39;13.5;-1;52189193;14578559;-1;1;0.1;0.1;0.0001;0.1;0.1;0.0001
1480560000;26;-1;-1;0.035177436;52561216;16181437;0.3641924;1;0.1;0.1;0.0001;0.1;0.1;0.0001
1480560000;27;-1;-1;0.033613656;30611994;32553694;0.16274396;1;0.1;0.1;0.0001;0.1;0.1;0.0001
1480560000;28;-1;-1;0.037999373;20886307;1721186;0.6610142;1;0.1;0.1;0.0001;0.1;0.1;0.0001
1480560000;29;-1;-1;0.02500522;19557661;5354377;0.47896162;1;0.1;0.1;0.0001;0.1;0.1;0.0001
1480560000;32;-1;-1;0.015006187;4910674;0.6907642;-1;1;0.1;0.1;0.0001;0.1;0.1;0.0001
1480560000;36;-1;-1;0.033802126;36776907;10151563;-1;1;0.1;0.1;0.0001;0.1;0.1;0.0001
1480560000;38;-1;-1;0.022855656;69249;0.52666;-1;1;0.1;0.1;0.0001;0.1;0.1;0.0001
1480560000;44;-1;-1;0.03890606;0.5314582;18242282;0.071420886;1;0.1;0.1;0.0001;0.1;0.1;0.0001
1480560000;46;-1;-1;0.020425936;78974686;-1;10249621;1;0.1;0.1;0.0001;0.1;0.1;0.0001
1480560000;48;-1;-1;0.032854687;4756551;33736773;0.25596994;1;0.1;0.1;0.0001;0.1;0.1;0.0001
1480560000;49;9.09;-1;0.026961219;1525285;19768832;0.44227353;1;0.1;0.1;0.0001;0.1;0.1;0.0001
1480560000;50;-1;-1;0.034764845;30558846;2530258;0.6558815;1;0.1;0.1;0.0001;0.1;0.1;0.0001
1480560000;51;-1;-1;0.011180782;14933975;0.83960295;0.13412146;1;0.1;0.1;0.0001;0.1;0.1;0.0001
1480560000;52;-1;-1;-1;6744204;23356225;0.122014314;1;0.1;0.1;0.0001;0.1;0.1;0.0001
1480560000;53;-1;-1;-1;71640563;18509427;0.3004356;1;0.1;0.1;0.0001;0.1;0.1;0.0001
1480560000;54;-1;-1;0.016488468;6191488;-1;0.3248856;1;0.1;0.1;0.0001;0.1;0.1;0.0001
1480560000;55;-1;-1;0.022331;483627;12899355;-1;1;0.1;0.1;0.0001;0.1;0.1;0.0001
1480560000;56;-1;-1;0.023110343;5601569;0;0.19928364;1;0.1;0.1;0.0001;0.1;0.1;0.0001
1480560000;57;-1;-1;0.013360906;8513961;17555333;0.34154058;1;0.1;0.1;0.0001;0.1;0.1;0.0001
1480560000;58;-1;-1;0.01575497;14774537;0.293861;0.3115564;1;0.1;0.1;0.0001;0.1;0.1;0.0001
1480560000;59;-1;-1;0.018225437;8094108;131665;0.31526622;1;0.1;0.1;0.0001;0.1;0.1;0.0001
1480560000;60;-1;-1;0.01141;0.8184456;11601785;-1;1;0.1;0.1;0.0001;0.1;0.1;0.0001
1480560000;61;-1;-1;0.020003157;28911326;2885181;0.19652528;1;0.1;0.1;0.0001;0.1;0.1;0.0001
1480560600;2;-1;-1;-1;5309267;3778213;-1;1;0.1;0.1;0.0001;0.1;0.1;0.0001
1480560600;3;-1;-1;0.0359415;13392746;38201933;0.30513182;1;0.1;0.1;0.0001;0.1;0.1;0.0001
1480560600;4;-1;-1;-1;35288823;14922034;-1;1;0.1;0.1;0.0001;0.1;0.1;0.0001
1480560600;5;-1;-1;0.037602063;0.3454478;131665;0.21985796;1;0.1;0.1;0.0001;0.1;0.1;0.0001
1480560600;6;-1;-1;-1;23331015;0.759459;-1;1;0.1;0.1;0.0001;0.1;0.1;0.0001
1480560600;7;-1;-1;0.043908123;66910586;0.7365607;-1;1;0.1;0.1;0.0001;0.1;0.1;0.0001
1480560600;8;-1;-1;0.040622655;47618656;0.9960743;0.2923176;1;0.1;0.1;0.0001;0.1;0.1;0.0001
1480560600;9;-1;-1;0.039914627;32312658;30111213;-1;1;0.1;0.1;0.0001;0.1;0.1;0.0001
1480560600;11;-1;-1;0.037607156;17644411;1549449;-1;1;0.1;0.1;0.0001;0.1;0.1;0.0001
1480560600;12;-1;-1;0.03631844;29230201;15608982;-1;1;0.1;0.1;0.0001;0.1;0.1;0.0001
1480560600;13;-1;-1;0.026930656;58938713;17173696;0.31299666;1;0.1;0.1;0.0001;0.1;0.1;0.0001
1480560600;14;-1;-1;-1;5075426;3221022;0.049607053;1;0.1;0.1;0.0001;0.1;0.1;0.0001
1480560600;15;-1;-1;-1;2833735;20990074;0.65279144;1;0.1;0.1;0.0001;0.1;0.1;0.0001
1480560600;16;-1;-1;0.011705438;19387594;10609528;0.19557382;1;0.1;0.1;0.0001;0.1;0.1;0.0001
1480560600;17;-1;-1;0.003051156;18792362;22440295;0.17155154;1;0.1;0.1;0.0001;0.1;0.1;0.0001
1480560600;18;7.34;37.43;0.028570844;72916064;52208037;-1;1;0.1;0.1;0.0001;0.1;0.1;0.0001
1480560600;19;-1;-1;0.029416407;8349208;1451368;0.41232422;1;0.1;0.1;0.0001;0.1;0.1;0.0001