;pid;ts;x;y;ts.u;x.u;y.u
Person;1;1519772340;50;50;1;0,5;0,5
Person;1;1519772370;51;51;1;0,5;0,5
Person;1;1519772400;52;52;1;0,5;0,5
Person;1;1519772430;53;53;1;0,5;0,5
Person;1;1519772460;54;54;1;0,5;0,5
Person;1;1519772490;55;55;1;0,5;0,5
Person;1;1519772520;56;56;1;0,5;0,5
Person;1;1519772550;57;57;1;0,5;0,5
Person;1;1519772580;58;58;1;0,5;0,5
Person;1;1519772610;59;59;1;0,5;0,5
Person;1;1519772640;60;60;1;0,5;0,5
Person;1;1519772670;61;61;1;0,5;0,5
Person;1;1519772700;62;62;1;0,5;0,5
Person;1;1519772730;63;63;1;0,5;0,5
Person;1;1519772760;64;64;1;0,5;0,5
Person;1;1519772790;65;65;1;0,5;0,5
Person;1;1519772820;70;65;1;0,5;0,5
Person;1;1519772850;75;65;1;0,5;0,5
Person;1;1519772880;80;65;1;0,5;0,5
Person;1;1519772910;85;65;1;0,5;0,5
Person;1;1519772940;90;65;1;0,5;0,5
Person;1;1519772970;95;65;1;0,5;0,5
Person;1;1519773000;100;65;1;0,5;0,5
Person;1;1519773030;105;65;1;0,5;0,5
Person;1;1519773060;110;65;1;0,5;0,5
Person;1;1519773090;115;65;1;0,5;0,5
Person;1;1519773120;120;65;1;0,5;0,5
Person;1;1519773150;125;65;1;0,5;0,5
Person;1;1519773180;130;65;1;0,5;0,5
Person;1;1519773210;135;65;1;0,5;0,5
Person;1;1519773240;140;65;1;0,5;0,5
Person;1;1519773270;145;65;1;0,5;0,5
Person;1;1519773300;150;65;1;0,5;0,5
Person;1;1519773330;155;65;1;0,5;0,5
Person;1;1519773360;160;65;1;0,5;0,5
Person;1;1519773390;165;65;1;0,5;0,5
Person;1;1519773420;170;65;1;0,5;0,5
Person;1;1519773450;175;65;1;0,5;0,5
Person;1;1519773480;180;65;1;0,5;0,5
Person;1;1519773510;185;65;1;0,5;0,5
Person;1;1519773540;190;65;1;0,5;0,5
Person;1;1519773570;195;65;1;0,5;0,5
Person;1;1519773600;200;65;1;0,5;0,5
Person;1;1519773630;205;65;1;0,5;0,5
Person;1;1519773660;210;65;1;0,5;0,5
Person;1;1519773690;215;65;1;0,5;0,5
Person;1;1519773720;220;65;1;0,5;0,5
Person;1;1519773750;225;65;1;0,5;0,5
Person;1;1519773780;230;65;1;0,5;0,5
Person;1;1519773810;235;65;1;0,5;0,5
Person;1;1519773840;240;65;1;0,5;0,5
Person;1;1519773870;245;65;1;0,5;0,5
Person;1;1519773900;250;65;1;0,5;0,5
Person;1;1519773930;255;65;1;0,5;0,5
Person;1;1519773960;260;65;1;0,5;0,5
Person;1;1519773990;265;65;1;0,5;0,5
Person;1;1519774020;270;65;1;0,5;0,5
Person;1;1519774050;275;65;1;0,5;0,5
Person;1;1519774080;280;65;1;0,5;0,5
Person;1;1519774110;285;65;1;0,5;0,5
Person;1;1519774140;290;65;1;0,5;0,5
Person;1;1519774170;295;65;1;0,5;0,5
Person;1;1519774200;300;65;1;0,5;0,5
Person;1;1519774230;305;65;1;0,5;0,5
Person;1;1519774260;310;65;1;0,5;0,5
Person;1;1519774290;315;65;1;0,5;0,5
Person;1;1519774320;320;65;1;0,5;0,5
Person;1;1519774350;325;65;1;0,5;0,5
Person;1;1519774380;330;65;1;0,5;0,5
Person;1;1519774410;335;65;1;0,5;0,5
Person;1;1519774440;340;65;1;0,5;0,5
Person;1;1519774470;345;65;1;0,5;0,5
Person;1;1519774500;350;65;1;0,5;0,5
Person;1;1519774530;355;65;1;0,5;0,5
Person;1;1519774560;360;65;1;0,5;0,5
Person;1;1519774590;365;65;1;0,5;0,5
Person;1;1519774620;370;65;1;0,5;0,5
Person;1;1519774650;375;65;1;0,5;0,5
Person;1;1519774680;380;65;1;0,5;0,5
Person;1;1519774710;385;65;1;0,5;0,5
Person;1;1519774740;390;65;1;0,5;0,5
Person;1;1519774770;395;65;1;0,5;0,5
Person;1;1519774800;400;65;1;0,5;0,5
Person;1;1519774830;405;65;1;0,5;0,5
Person;1;1519774860;410;65;1;0,5;0,5
Person;1;1519774890;415;65;1;0,5;0,5
Person;1;1519774920;420;65;1;0,5;0,5
Person;1;1519774950;425;65;1;0,5;0,5
Person;1;1519774980;430;65;1;0,5;0,5
Person;1;1519775010;435;65;1;0,5;0,5
Person;1;1519775040;440;65;1;0,5;0,5
Person;1;1519775070;445;65;1;0,5;0,5
Person;1;1519775100;450;65;1;0,5;0,5
Person;1;1519775130;455;65;1;0,5;0,5
Person;1;1519775160;460;65;1;0,5;0,5
Person;1;1519775190;465;65;1;0,5;0,5
Person;1;1519775220;470;65;1;0,5;0,5
Person;1;1519775250;475;65;1;0,5;0,5
Person;1;1519775280;480;65;1;0,5;0,5
Person;1;1519775310;485;65;1;0,5;0,5
Person;1;1519775340;490;65;1;0,5;0,5
Person;1;1519775370;495;65;1;0,5;0,5
Person;1;1519775400;500;65;1;0,5;0,5
Person;1;1519775430;505;65;1;0,5;0,5
Person;1;1519775460;510;65;1;0,5;0,5
Person;1;1519775490;515;65;1;0,5;0,5
Person;1;1519775520;520;65;1;0,5;0,5
Person;1;1519775550;525;65;1;0,5;0,5
Person;1;1519775580;530;65;1;0,5;0,5
Person;1;1519775610;535;65;1;0,5;0,5
Person;1;1519775640;540;65;1;0,5;0,5
Person;1;1519775670;545;65;1;0,5;0,5
Person;1;1519775700;550;65;1;0,5;0,5
Person;1;1519775730;555;65;1;0,5;0,5
Person;1;1519775760;560;65;1;0,5;0,5
Person;1;1519775790;565;65;1;0,5;0,5
Person;1;1519775820;570;65;1;0,5;0,5
Person;1;1519775850;575;65;1;0,5;0,5
Person;1;1519775880;580;65;1;0,5;0,5
Person;1;1519775910;585;65;1;0,5;0,5
Person;1;1519775940;590;65;1;0,5;0,5
Person;1;1519775970;595;65;1;0,5;0,5
Person;1;1519776000;600;65;1;0,5;0,5
Person;1;1519776030;605;65;1;0,5;0,5
Person;1;1519776060;610;65;1;0,5;0,5
Person;1;1519776090;615;65;1;0,5;0,5
Person;1;1519776120;620;65;1;0,5;0,5
Person;1;1519776150;625;65;1;0,5;0,5
Person;1;1519776180;630;65;1;0,5;0,5
Person;1;1519776210;635;65;1;0,5;0,5
Person;1;1519776240;640;65;1;0,5;0,5
Person;1;1519776270;645;65;1;0,5;0,5
Person;1;1519776300;650;65;1;0,5;0,5
Person;1;1519776330;655;65;1;0,5;0,5
Person;1;1519776360;660;65;1;0,5;0,5
Person;1;1519776390;665;65;1;0,5;0,5
Person;1;1519776420;670;65;1;0,5;0,5
Person;1;1519776450;675;65;1;0,5;0,5
Person;1;1519776480;680;65;1;0,5;0,5
Person;1;1519776510;685;65;1;0,5;0,5
Person;1;1519776540;690;65;1;0,5;0,5
Person;1;1519776570;695;65;1;0,5;0,5
Person;1;1519776600;700;65;1;0,5;0,5
Person;1;1519776630;705;65;1;0,5;0,5
Person;1;1519776660;710;65;1;0,5;0,5
Person;1;1519776690;715;65;1;0,5;0,5
Person;1;1519776720;720;65;1;0,5;0,5
Person;1;1519776750;725;65;1;0,5;0,5
Person;1;1519776780;730;65;1;0,5;0,5
Person;1;1519776810;735;65;1;0,5;0,5
Person;1;1519776840;740;65;1;0,5;0,5
Person;1;1519776870;745;65;1;0,5;0,5
Person;1;1519776900;750;65;1;0,5;0,5
Person;1;1519776930;755;65;1;0,5;0,5
Person;1;1519776960;760;65;1;0,5;0,5
Person;1;1519776990;765;65;1;0,5;0,5
Person;1;1519777020;770;65;1;0,5;0,5
Person;1;1519777050;775;65;1;0,5;0,5
Person;1;1519777080;780;65;1;0,5;0,5
Person;1;1519777110;785;65;1;0,5;0,5
Person;1;1519777140;790;65;1;0,5;0,5
Person;1;1519777170;795;65;1;0,5;0,5
Person;1;1519777200;800;65;1;0,5;0,5
Person;1;1519777230;805;65;1;0,5;0,5
Person;1;1519777260;810;65;1;0,5;0,5
Person;1;1519777290;815;65;1;0,5;0,5
Person;1;1519777320;820;65;1;0,5;0,5
Person;1;1519777350;825;65;1;0,5;0,5
Person;1;1519777380;830;65;1;0,5;0,5
Person;1;1519777410;835;65;1;0,5;0,5
Person;1;1519777440;840;65;1;0,5;0,5
Person;1;1519777470;845;65;1;0,5;0,5
Person;1;1519777500;850;65;1;0,5;0,5
Person;1;1519777530;855;65;1;0,5;0,5
Person;1;1519777560;860;65;1;0,5;0,5
Person;1;1519777590;865;65;1;0,5;0,5
Person;1;1519777620;870;65;1;0,5;0,5
Person;1;1519777650;875;65;1;0,5;0,5
Person;1;1519777680;880;65;1;0,5;0,5
Person;1;1519777710;885;65;1;0,5;0,5
Person;1;1519777740;890;65;1;0,5;0,5
Person;1;1519777770;895;65;1;0,5;0,5
Person;1;1519777800;900;65;1;0,5;0,5
Person;1;1519777830;905;65;1;0,5;0,5
Person;1;1519777860;910;65;1;0,5;0,5
Person;1;1519777890;915;65;1;0,5;0,5
Person;1;1519777920;920;65;1;0,5;0,5
Person;1;1519777950;925;65;1;0,5;0,5
Person;1;1519777980;930;65;1;0,5;0,5
Person;1;1519778010;935;65;1;0,5;0,5
Person;1;1519778040;940;65;1;0,5;0,5
Person;1;1519778070;945;65;1;0,5;0,5
Person;1;1519778100;950;65;1;0,5;0,5
Person;1;1519778130;955;65;1;0,5;0,5
Person;1;1519778160;960;65;1;0,5;0,5
Person;1;1519778190;965;65;1;0,5;0,5
Person;1;1519778220;970;65;1;0,5;0,5
Person;1;1519778250;975;65;1;0,5;0,5
Person;1;1519778280;980;65;1;0,5;0,5
Person;1;1519778310;985;65;1;0,5;0,5
Person;1;1519778340;990;65;1;0,5;0,5
Person;1;1519778370;995;65;1;0,5;0,5
Person;1;1519778400;1000;65;1;0,5;0,5
Person;1;1519778430;1005;65;1;0,5;0,5
Person;1;1519778460;1010;65;1;0,5;0,5
Person;1;1519778490;1015;65;1;0,5;0,5
Person;1;1519778520;1020;65;1;0,5;0,5
Person;1;1519778550;1025;65;1;0,5;0,5
Person;1;1519778580;1030;65;1;0,5;0,5
Person;1;1519778610;1035;65;1;0,5;0,5
Person;1;1519778640;1040;65;1;0,5;0,5
Person;1;1519778670;1045;65;1;0,5;0,5
Person;1;1519778700;1050;65;1;0,5;0,5
Person;1;1519778730;1055;65;1;0,5;0,5
Person;1;1519778760;1060;65;1;0,5;0,5
Person;1;1519778790;1065;65;1;0,5;0,5
Person;1;1519778820;1070;65;1;0,5;0,5
Person;1;1519778850;1075;65;1;0,5;0,5
Person;1;1519778880;1080;65;1;0,5;0,5
Person;1;1519778910;1085;65;1;0,5;0,5
Person;1;1519778940;1090;65;1;0,5;0,5
Person;1;1519778970;1095;65;1;0,5;0,5
Person;1;1519779000;1100;65;1;0,5;0,5
Person;1;1519779030;1105;65;1;0,5;0,5
Person;1;1519779060;1110;65;1;0,5;0,5
Person;1;1519779090;1115;65;1;0,5;0,5
Person;1;1519779120;1120;65;1;0,5;0,5
Person;1;1519779150;1125;65;1;0,5;0,5
Person;1;1519779180;1130;65;1;0,5;0,5
Person;1;1519779210;1135;65;1;0,5;0,5
Person;1;1519779240;1140;65;1;0,5;0,5
Person;1;1519779270;1145;65;1;0,5;0,5
Person;1;1519779300;1150;65;1;0,5;0,5
Person;1;1519779330;1155;65;1;0,5;0,5
Person;1;1519779360;1160;65;1;0,5;0,5
Person;1;1519779390;1165;65;1;0,5;0,5
Person;1;1519779420;1170;65;1;0,5;0,5
Person;1;1519779450;1175;65;1;0,5;0,5
Person;1;1519779480;1180;65;1;0,5;0,5
Person;1;1519779510;1185;65;1;0,5;0,5
Person;1;1519779540;1190;65;1;0,5;0,5
Person;1;1519779570;1195;65;1;0,5;0,5
Person;1;1519779600;1200;65;1;0,5;0,5
Person;1;1519779630;1205;65;1;0,5;0,5
Person;1;1519779660;1210;65;1;0,5;0,5
Person;1;1519779690;1215;65;1;0,5;0,5
Person;1;1519779720;1220;65;1;0,5;0,5
Person;1;1519779750;1225;65;1;0,5;0,5
Person;1;1519779780;1230;65;1;0,5;0,5
Person;1;1519779810;1235;65;1;0,5;0,5
Person;1;1519779840;1240;65;1;0,5;0,5
Person;1;1519779870;1245;65;1;0,5;0,5
Person;1;1519779900;1250;65;1;0,5;0,5
Person;1;1519779930;1255;65;1;0,5;0,5
Person;1;1519779960;1260;65;1;0,5;0,5
Person;1;1519779990;1265;65;1;0,5;0,5
Person;1;1519780020;1270;65;1;0,5;0,5
Person;1;1519780050;1275;65;1;0,5;0,5
Person;1;1519780080;1280;65;1;0,5;0,5
Person;1;1519780110;1285;65;1;0,5;0,5
Person;1;1519780140;1290;65;1;0,5;0,5
Person;1;1519780170;1295;65;1;0,5;0,5
Person;1;1519780200;1300;65;1;0,5;0,5
Person;1;1519780230;1305;65;1;0,5;0,5
Person;1;1519780260;1310;65;1;0,5;0,5
Person;1;1519780290;1315;65;1;0,5;0,5
Person;1;1519780320;1320;65;1;0,5;0,5
Person;1;1519780350;1325;65;1;0,5;0,5
Person;1;1519780380;1330;65;1;0,5;0,5
Person;1;1519780410;1335;65;1;0,5;0,5
Person;1;1519780440;1340;65;1;0,5;0,5
Person;1;1519780470;1345;65;1;0,5;0,5
Person;1;1519780500;1350;65;1;0,5;0,5
Person;1;1519780530;1355;65;1;0,5;0,5
Person;1;1519780560;1360;65;1;0,5;0,5
Person;1;1519780590;1365;65;1;0,5;0,5
Person;1;1519780620;1370;65;1;0,5;0,5
Person;1;1519780650;1375;65;1;0,5;0,5
Person;1;1519780680;1380;65;1;0,5;0,5
Person;1;1519780710;1385;65;1;0,5;0,5
Person;1;1519780740;1390;65;1;0,5;0,5
Person;1;1519780770;1395;65;1;0,5;0,5
Person;1;1519780800;1400;65;1;0,5;0,5
Person;1;1519780830;1405;65;1;0,5;0,5
Person;1;1519780860;1410;65;1;0,5;0,5
Person;1;1519780890;1415;65;1;0,5;0,5
Person;1;1519780920;1420;65;1;0,5;0,5
Person;1;1519780950;1425;65;1;0,5;0,5
Person;1;1519780980;1430;65;1;0,5;0,5
Person;1;1519781010;1435;65;1;0,5;0,5
Person;1;1519781040;1440;65;1;0,5;0,5
Person;1;1519781070;1445;65;1;0,5;0,5
Person;1;1519781100;1450;65;1;0,5;0,5
Person;1;1519781130;1455;65;1;0,5;0,5
Person;1;1519781160;1460;65;1;0,5;0,5
Person;1;1519781190;1465;65;1;0,5;0,5
Person;1;1519781220;1470;65;1;0,5;0,5
Person;1;1519781250;1475;65;1;0,5;0,5
Person;1;1519781280;1480;65;1;0,5;0,5
Person;1;1519781310;1485;65;1;0,5;0,5
Person;1;1519781340;1490;65;1;0,5;0,5
Person;1;1519781370;1495;65;1;0,5;0,5
Person;1;1519781400;1500;65;1;0,5;0,5
Person;1;1519781430;1505;65;1;0,5;0,5
Person;1;1519781460;1510;65;1;0,5;0,5
Person;1;1519781490;1515;65;1;0,5;0,5
Person;1;1519781520;1520;65;1;0,5;0,5
Person;1;1519781550;1525;65;1;0,5;0,5
Person;1;1519781580;1530;65;1;0,5;0,5
Person;1;1519781610;1535;65;1;0,5;0,5
Person;1;1519781640;1540;65;1;0,5;0,5
Person;1;1519781670;1545;65;1;0,5;0,5
Person;1;1519781700;1550;65;1;0,5;0,5
Person;1;1519781730;1555;65;1;0,5;0,5
Person;1;1519781760;1560;65;1;0,5;0,5
Person;1;1519781790;1565;65;1;0,5;0,5
Person;1;1519781820;1570;65;1;0,5;0,5
Person;1;1519781850;1575;65;1;0,5;0,5
Person;1;1519781880;1580;65;1;0,5;0,5
Person;1;1519781910;1585;65;1;0,5;0,5
Person;1;1519781940;1590;65;1;0,5;0,5
Person;1;1519781970;1595;65;1;0,5;0,5
Person;1;1519782000;1600;65;1;0,5;0,5
Person;1;1519782030;1605;65;1;0,5;0,5
Person;1;1519782060;1610;65;1;0,5;0,5
Person;1;1519782090;1615;65;1;0,5;0,5
Person;1;1519782120;1620;65;1;0,5;0,5
Person;1;1519782150;1625;65;1;0,5;0,5
Person;1;1519782180;1630;65;1;0,5;0,5
Person;1;1519782210;1635;65;1;0,5;0,5
Person;1;1519782240;1640;65;1;0,5;0,5
Person;1;1519782270;1645;65;1;0,5;0,5
Person;1;1519782300;1650;65;1;0,5;0,5
Person;1;1519782330;1655;65;1;0,5;0,5
Person;1;1519782360;1660;65;1;0,5;0,5
Person;1;1519782390;1665;65;1;0,5;0,5
Person;1;1519782420;1670;65;1;0,5;0,5
Person;1;1519782450;1675;65;1;0,5;0,5
Person;1;1519782480;1680;65;1;0,5;0,5
Person;1;1519782510;1685;65;1;0,5;0,5
Person;1;1519782540;1690;65;1;0,5;0,5
Person;1;1519782570;1695;65;1;0,5;0,5
Person;1;1519782600;1700;65;1;0,5;0,5
Person;1;1519782630;1705;65;1;0,5;0,5
Person;1;1519782660;1710;65;1;0,5;0,5
Person;1;1519782690;1715;65;1;0,5;0,5
Person;1;1519782720;1720;65;1;0,5;0,5
Person;1;1519782750;1725;65;1;0,5;0,5
Person;1;1519782780;1730;65;1;0,5;0,5
Person;1;1519782810;1735;65;1;0,5;0,5
Person;1;1519782840;1740;65;1;0,5;0,5
Person;1;1519782870;1745;65;1;0,5;0,5
Person;1;1519782900;1750;65;1;0,5;0,5
Person;1;1519782930;1755;65;1;0,5;0,5
Person;1;1519782960;1760;65;1;0,5;0,5
Person;1;1519782990;1765;65;1;0,5;0,5
Person;1;1519783020;1770;65;1;0,5;0,5
Person;1;1519783050;1775;65;1;0,5;0,5
Person;1;1519783080;1780;65;1;0,5;0,5
Person;1;1519783110;1785;65;1;0,5;0,5
Person;1;1519783140;1790;65;1;0,5;0,5
Person;2;1519772340;150;150;1;0,5;0,5
Person;2;1519772370;151;151;1;0,5;0,5
Person;2;1519772400;152;152;1;0,5;0,5
Person;2;1519772430;153;153;1;0,5;0,5
Person;2;1519772460;154;154;1;0,5;0,5
Person;2;1519772490;155;155;1;0,5;0,5
Person;2;1519772520;156;156;1;0,5;0,5
Person;2;1519772550;157;157;1;0,5;0,5
Person;2;1519772580;158;158;1;0,5;0,5
Person;2;1519772610;159;159;1;0,5;0,5
Person;2;1519772640;160;160;1;0,5;0,5
Person;2;1519772670;161;161;1;0,5;0,5
Person;2;1519772700;162;162;1;0,5;0,5
Person;2;1519772730;163;163;1;0,5;0,5
Person;2;1519772760;164;164;1;0,5;0,5
Person;2;1519772790;165;165;1;0,5;0,5
Person;2;1519772820;166;166;1;0,5;0,5
Person;2;1519772850;167;167;1;0,5;0,5
Person;2;1519772880;168;168;1;0,5;0,5
Person;2;1519772910;169;169;1;0,5;0,5
Person;2;1519772940;170;170;1;0,5;0,5
Person;2;1519772970;171;171;1;0,5;0,5
Person;2;1519773000;172;172;1;0,5;0,5
Person;2;1519773030;173;173;1;0,5;0,5
Person;2;1519773060;174;174;1;0,5;0,5
Person;2;1519773090;175;175;1;0,5;0,5
Person;2;1519773120;176;176;1;0,5;0,5
Person;2;1519773150;177;177;1;0,5;0,5
Person;2;1519773180;178;178;1;0,5;0,5
Person;2;1519773210;179;179;1;0,5;0,5
Person;2;1519773240;180;180;1;0,5;0,5
Person;2;1519773270;181;181;1;0,5;0,5
Person;2;1519773300;182;182;1;0,5;0,5
Person;2;1519773330;183;183;1;0,5;0,5
Person;2;1519773360;184;184;1;0,5;0,5
Person;2;1519773390;185;185;1;0,5;0,5
Person;2;1519773420;186;186;1;0,5;0,5
Person;2;1519773450;187;187;1;0,5;0,5
Person;2;1519773480;188;188;1;0,5;0,5
Person;2;1519773510;189;189;1;0,5;0,5
Person;2;1519773540;190;190;1;0,5;0,5
Person;2;1519773570;191;191;1;0,5;0,5
Person;2;1519773600;192;192;1;0,5;0,5
Person;2;1519773630;193;193;1;0,5;0,5
Person;2;1519773660;194;194;1;0,5;0,5
Person;2;1519773690;195;195;1;0,5;0,5
Person;2;1519773720;196;196;1;0,5;0,5
Person;2;1519773750;197;197;1;0,5;0,5
Person;2;1519773780;198;198;1;0,5;0,5
Person;2;1519773810;199;199;1;0,5;0,5
Person;2;1519773840;200;200;1;0,5;0,5
Person;2;1519773870;201;201;1;0,5;0,5
Person;2;1519773900;202;202;1;0,5;0,5
Person;2;1519773930;203;203;1;0,5;0,5
Person;2;1519773960;204;204;1;0,5;0,5
Person;2;1519773990;205;205;1;0,5;0,5
Person;2;1519774020;206;206;1;0,5;0,5
Person;2;1519774050;207;207;1;0,5;0,5
Person;2;1519774080;208;208;1;0,5;0,5
Person;2;1519774110;209;209;1;0,5;0,5
Person;2;1519774140;210;210;1;0,5;0,5
Person;2;1519774170;211;211;1;0,5;0,5
Person;2;1519774200;212;212;1;0,5;0,5
Person;2;1519774230;213;213;1;0,5;0,5
Person;2;1519774260;214;214;1;0,5;0,5
Person;2;1519774290;215;215;1;0,5;0,5
Person;2;1519774320;216;216;1;0,5;0,5
Person;2;1519774350;217;217;1;0,5;0,5
Person;2;1519774380;218;218;1;0,5;0,5
Person;2;1519774410;219;219;1;0,5;0,5
Person;2;1519774440;220;220;1;0,5;0,5
Person;2;1519774470;221;221;1;0,5;0,5
Person;2;1519774500;222;222;1;0,5;0,5
Person;2;1519774530;223;223;1;0,5;0,5
Person;2;1519774560;224;224;1;0,5;0,5
Person;2;1519774590;225;225;1;0,5;0,5
Person;2;1519774620;226;226;1;0,5;0,5
Person;2;1519774650;227;227;1;0,5;0,5
Person;2;1519774680;228;228;1;0,5;0,5
Person;2;1519774710;229;229;1;0,5;0,5
Person;2;1519774740;230;230;1;0,5;0,5
Person;2;1519774770;231;231;1;0,5;0,5
Person;2;1519774800;232;232;1;0,5;0,5
Person;2;1519774830;233;233;1;0,5;0,5
Person;2;1519774860;234;234;1;0,5;0,5
Person;2;1519774890;235;235;1;0,5;0,5
Person;2;1519774920;236;236;1;0,5;0,5
Person;2;1519774950;237;237;1;0,5;0,5
Person;2;1519774980;238;238;1;0,5;0,5
Person;2;1519775010;239;239;1;0,5;0,5
Person;2;1519775040;240;240;1;0,5;0,5
Person;2;1519775070;241;241;1;0,5;0,5
Person;2;1519775100;242;242;1;0,5;0,5
Person;2;1519775130;243;243;1;0,5;0,5
Person;2;1519775160;244;244;1;0,5;0,5
Person;2;1519775190;245;245;1;0,5;0,5
Person;2;1519775220;246;246;1;0,5;0,5
Person;2;1519775250;247;247;1;0,5;0,5
Person;2;1519775280;248;248;1;0,5;0,5
Person;2;1519775310;249;249;1;0,5;0,5
Person;2;1519775340;250;250;1;0,5;0,5
Person;2;1519775370;249;249;1;0,5;0,5
Person;2;1519775400;248;248;1;0,5;0,5
Person;2;1519775430;247;247;1;0,5;0,5
Person;2;1519775460;246;246;1;0,5;0,5
Person;2;1519775490;245;245;1;0,5;0,5
Person;2;1519775520;244;244;1;0,5;0,5
Person;2;1519775550;243;243;1;0,5;0,5
Person;2;1519775580;242;242;1;0,5;0,5
Person;2;1519775610;241;241;1;0,5;0,5
Person;2;1519775640;240;240;1;0,5;0,5
Person;2;1519775670;239;239;1;0,5;0,5
Person;2;1519775700;238;238;1;0,5;0,5
Person;2;1519775730;237;237;1;0,5;0,5
Person;2;1519775760;236;236;1;0,5;0,5
Person;2;1519775790;235;235;1;0,5;0,5
Person;2;1519775820;234;234;1;0,5;0,5
Person;2;1519775850;233;233;1;0,5;0,5
Person;2;1519775880;232;232;1;0,5;0,5
Person;2;1519775910;231;231;1;0,5;0,5
Person;2;1519775940;230;230;1;0,5;0,5
Person;2;1519775970;229;229;1;0,5;0,5
Person;2;1519776000;228;228;1;0,5;0,5
Person;2;1519776030;227;227;1;0,5;0,5
Person;2;1519776060;226;226;1;0,5;0,5
Person;2;1519776090;225;225;1;0,5;0,5
Person;2;1519776120;224;224;1;0,5;0,5
Person;2;1519776150;223;223;1;0,5;0,5
Person;2;1519776180;222;222;1;0,5;0,5
Person;2;1519776210;221;221;1;0,5;0,5
Person;2;1519776240;220;220;1;0,5;0,5
Person;2;1519776270;219;219;1;0,5;0,5
Person;2;1519776300;218;218;1;0,5;0,5
Person;2;1519776330;217;217;1;0,5;0,5
Person;2;1519776360;216;216;1;0,5;0,5
Person;2;1519776390;215;215;1;0,5;0,5
Person;2;1519776420;214;214;1;0,5;0,5
Person;2;1519776450;213;213;1;0,5;0,5
Person;2;1519776480;212;212;1;0,5;0,5
Person;2;1519776510;211;211;1;0,5;0,5
Person;2;1519776540;210;210;1;0,5;0,5
Person;2;1519776570;209;209;1;0,5;0,5
Person;2;1519776600;208;208;1;0,5;0,5
Person;2;1519776630;207;207;1;0,5;0,5
Person;2;1519776660;206;206;1;0,5;0,5
Person;2;1519776690;205;205;1;0,5;0,5
Person;2;1519776720;204;204;1;0,5;0,5
Person;2;1519776750;203;203;1;0,5;0,5
Person;2;1519776780;202;202;1;0,5;0,5
Person;2;1519776810;201;201;1;0,5;0,5
Person;2;1519776840;200;200;1;0,5;0,5
Person;2;1519776870;199;199;1;0,5;0,5
Person;2;1519776900;198;198;1;0,5;0,5
Person;2;1519776930;197;197;1;0,5;0,5
Person;2;1519776960;196;196;1;0,5;0,5
Person;2;1519776990;195;195;1;0,5;0,5
Person;2;1519777020;194;194;1;0,5;0,5
Person;2;1519777050;193;193;1;0,5;0,5
Person;2;1519777080;192;192;1;0,5;0,5
Person;2;1519777110;191;191;1;0,5;0,5
Person;2;1519777140;190;190;1;0,5;0,5
Person;2;1519777170;189;189;1;0,5;0,5
Person;2;1519777200;188;188;1;0,5;0,5
Person;2;1519777230;187;187;1;0,5;0,5
Person;2;1519777260;186;186;1;0,5;0,5
Person;2;1519777290;185;185;1;0,5;0,5
Person;2;1519777320;184;184;1;0,5;0,5
Person;2;1519777350;183;183;1;0,5;0,5
Person;2;1519777380;182;182;1;0,5;0,5
Person;2;1519777410;181;181;1;0,5;0,5
Person;2;1519777440;180;180;1;0,5;0,5
Person;2;1519777470;179;179;1;0,5;0,5
Person;2;1519777500;178;178;1;0,5;0,5
Person;2;1519777530;177;177;1;0,5;0,5
Person;2;1519777560;176;176;1;0,5;0,5
Person;2;1519777590;175;175;1;0,5;0,5
Person;2;1519777620;174;174;1;0,5;0,5
Person;2;1519777650;173;173;1;0,5;0,5
Person;2;1519777680;172;172;1;0,5;0,5
Person;2;1519777710;171;171;1;0,5;0,5
Person;2;1519777740;170;170;1;0,5;0,5
Person;2;1519777770;169;169;1;0,5;0,5
Person;2;1519777800;168;168;1;0,5;0,5
Person;2;1519777830;167;167;1;0,5;0,5
Person;2;1519777860;166;166;1;0,5;0,5
Person;2;1519777890;165;165;1;0,5;0,5
Person;2;1519777920;164;164;1;0,5;0,5
Person;2;1519777950;163;163;1;0,5;0,5
Person;2;1519777980;162;162;1;0,5;0,5
Person;2;1519778010;161;161;1;0,5;0,5
Person;2;1519778040;160;160;1;0,5;0,5
Person;2;1519778070;159;159;1;0,5;0,5
Person;2;1519778100;158;158;1;0,5;0,5
Person;2;1519778130;157;157;1;0,5;0,5
Person;2;1519778160;156;156;1;0,5;0,5
Person;2;1519778190;155;155;1;0,5;0,5
Person;2;1519778220;154;154;1;0,5;0,5
Person;2;1519778250;153;153;1;0,5;0,5
Person;2;1519778280;152;152;1;0,5;0,5
Person;2;1519778310;151;151;1;0,5;0,5
Person;2;1519778340;150;150;1;0,5;0,5
Person;2;1519778370;151;151;1;0,5;0,5
Person;2;1519778400;152;152;1;0,5;0,5
Person;2;1519778430;153;153;1;0,5;0,5
Person;2;1519778460;154;154;1;0,5;0,5
Person;2;1519778490;155;155;1;0,5;0,5
Person;2;1519778520;156;156;1;0,5;0,5
Person;2;1519778550;157;157;1;0,5;0,5
Person;2;1519778580;158;158;1;0,5;0,5
Person;2;1519778610;159;159;1;0,5;0,5
Person;2;1519778640;160;160;1;0,5;0,5
Person;2;1519778670;161;161;1;0,5;0,5
Person;2;1519778700;162;162;1;0,5;0,5
Person;2;1519778730;163;163;1;0,5;0,5
Person;2;1519778760;164;164;1;0,5;0,5
Person;2;1519778790;165;165;1;0,5;0,5
Person;2;1519778820;166;166;1;0,5;0,5
Person;2;1519778850;167;167;1;0,5;0,5
Person;2;1519778880;168;168;1;0,5;0,5
Person;2;1519778910;169;169;1;0,5;0,5
Person;2;1519778940;170;170;1;0,5;0,5
Person;2;1519778970;171;171;1;0,5;0,5
Person;2;1519779000;172;172;1;0,5;0,5
Person;2;1519779030;173;173;1;0,5;0,5
Person;2;1519779060;174;174;1;0,5;0,5
Person;2;1519779090;175;175;1;0,5;0,5
Person;2;1519779120;176;176;1;0,5;0,5
Person;2;1519779150;177;177;1;0,5;0,5
Person;2;1519779180;178;178;1;0,5;0,5
Person;2;1519779210;179;179;1;0,5;0,5
Person;2;1519779240;180;180;1;0,5;0,5
Person;2;1519779270;181;181;1;0,5;0,5
Person;2;1519779300;182;182;1;0,5;0,5
Person;2;1519779330;183;183;1;0,5;0,5
Person;2;1519779360;184;184;1;0,5;0,5
Person;2;1519779390;185;185;1;0,5;0,5
Person;2;1519779420;186;186;1;0,5;0,5
Person;2;1519779450;187;187;1;0,5;0,5
Person;2;1519779480;188;188;1;0,5;0,5
Person;2;1519779510;189;189;1;0,5;0,5
Person;2;1519779540;190;190;1;0,5;0,5
Person;2;1519779570;191;191;1;0,5;0,5
Person;2;1519779600;192;192;1;0,5;0,5
Person;2;1519779630;193;193;1;0,5;0,5
Person;2;1519779660;194;194;1;0,5;0,5
Person;2;1519779690;195;195;1;0,5;0,5
Person;2;1519779720;196;196;1;0,5;0,5
Person;2;1519779750;197;197;1;0,5;0,5
Person;2;1519779780;198;198;1;0,5;0,5
Person;2;1519779810;199;199;1;0,5;0,5
Person;2;1519779840;200;200;1;0,5;0,5
Person;2;1519779870;201;201;1;0,5;0,5
Person;2;1519779900;202;202;1;0,5;0,5
Person;2;1519779930;203;203;1;0,5;0,5
Person;2;1519779960;204;204;1;0,5;0,5
Person;2;1519779990;205;205;1;0,5;0,5
Person;2;1519780020;206;206;1;0,5;0,5
Person;2;1519780050;207;207;1;0,5;0,5
Person;2;1519780080;208;208;1;0,5;0,5
Person;2;1519780110;209;209;1;0,5;0,5
Person;2;1519780140;210;210;1;0,5;0,5
Person;2;1519780170;211;211;1;0,5;0,5
Person;2;1519780200;212;212;1;0,5;0,5
Person;2;1519780230;213;213;1;0,5;0,5
Person;2;1519780260;214;214;1;0,5;0,5
Person;2;1519780290;215;215;1;0,5;0,5
Person;2;1519780320;216;216;1;0,5;0,5
Person;2;1519780350;217;217;1;0,5;0,5
Person;2;1519780380;218;218;1;0,5;0,5
Person;2;1519780410;219;219;1;0,5;0,5
Person;2;1519780440;220;220;1;0,5;0,5
Person;2;1519780470;221;221;1;0,5;0,5
Person;2;1519780500;222;222;1;0,5;0,5
Person;2;1519780530;223;223;1;0,5;0,5
Person;2;1519780560;224;224;1;0,5;0,5
Person;2;1519780590;225;225;1;0,5;0,5
Person;2;1519780620;226;226;1;0,5;0,5
Person;2;1519780650;227;227;1;0,5;0,5
Person;2;1519780680;228;228;1;0,5;0,5
Person;2;1519780710;229;229;1;0,5;0,5
Person;2;1519780740;230;230;1;0,5;0,5
Person;2;1519780770;231;231;1;0,5;0,5
Person;2;1519780800;232;232;1;0,5;0,5
Person;2;1519780830;233;233;1;0,5;0,5
Person;2;1519780860;234;234;1;0,5;0,5
Person;2;1519780890;235;235;1;0,5;0,5
Person;2;1519780920;236;236;1;0,5;0,5
Person;2;1519780950;237;237;1;0,5;0,5
Person;2;1519780980;238;238;1;0,5;0,5
Person;2;1519781010;239;239;1;0,5;0,5
Person;2;1519781040;240;240;1;0,5;0,5
Person;2;1519781070;241;241;1;0,5;0,5
Person;2;1519781100;242;242;1;0,5;0,5
Person;2;1519781130;243;243;1;0,5;0,5
Person;2;1519781160;244;244;1;0,5;0,5
Person;2;1519781190;245;245;1;0,5;0,5
Person;2;1519781220;246;246;1;0,5;0,5
Person;2;1519781250;247;247;1;0,5;0,5
Person;2;1519781280;248;248;1;0,5;0,5
Person;2;1519781310;249;249;1;0,5;0,5
Person;2;1519781340;250;250;1;0,5;0,5
Person;2;1519781370;249;249;1;0,5;0,5
Person;2;1519781400;248;248;1;0,5;0,5
Person;2;1519781430;247;247;1;0,5;0,5
Person;2;1519781460;246;246;1;0,5;0,5
Person;2;1519781490;245;245;1;0,5;0,5
Person;2;1519781520;244;244;1;0,5;0,5
Person;2;1519781550;243;243;1;0,5;0,5
Person;2;1519781580;242;242;1;0,5;0,5
Person;2;1519781610;241;241;1;0,5;0,5
Person;2;1519781640;240;240;1;0,5;0,5
Person;2;1519781670;239;239;1;0,5;0,5
Person;2;1519781700;238;238;1;0,5;0,5
Person;2;1519781730;237;237;1;0,5;0,5
Person;2;1519781760;236;236;1;0,5;0,5
Person;2;1519781790;235;235;1;0,5;0,5
Person;2;1519781820;234;234;1;0,5;0,5
Person;2;1519781850;233;233;1;0,5;0,5
Person;2;1519781880;232;232;1;0,5;0,5
Person;2;1519781910;231;231;1;0,5;0,5
Person;2;1519781940;230;230;1;0,5;0,5
Person;2;1519781970;229;229;1;0,5;0,5
Person;2;1519782000;228;228;1;0,5;0,5
Person;2;1519782030;227;227;1;0,5;0,5
Person;2;1519782060;226;226;1;0,5;0,5
Person;2;1519782090;225;225;1;0,5;0,5
Person;2;1519782120;224;224;1;0,5;0,5
Person;2;1519782150;223;223;1;0,5;0,5
Person;2;1519782180;222;222;1;0,5;0,5
Person;2;1519782210;221;221;1;0,5;0,5
Person;2;1519782240;220;220;1;0,5;0,5
Person;2;1519782270;219;219;1;0,5;0,5
Person;2;1519782300;218;218;1;0,5;0,5
Person;2;1519782330;217;217;1;0,5;0,5
Person;2;1519782360;216;216;1;0,5;0,5
Person;2;1519782390;215;215;1;0,5;0,5
Person;2;1519782420;214;214;1;0,5;0,5
Person;2;1519782450;213;213;1;0,5;0,5
Person;2;1519782480;212;212;1;0,5;0,5
Person;2;1519782510;211;211;1;0,5;0,5
Person;2;1519782540;210;210;1;0,5;0,5
Person;2;1519782570;209;209;1;0,5;0,5
Person;2;1519782600;208;208;1;0,5;0,5
Person;2;1519782630;207;207;1;0,5;0,5
Person;2;1519782660;206;206;1;0,5;0,5
Person;2;1519782690;205;205;1;0,5;0,5
Person;2;1519782720;204;204;1;0,5;0,5
Person;2;1519782750;203;203;1;0,5;0,5
Person;2;1519782780;202;202;1;0,5;0,5
Person;2;1519782810;201;201;1;0,5;0,5
Person;2;1519782840;200;200;1;0,5;0,5
Person;2;1519782870;199;199;1;0,5;0,5
Person;2;1519782900;198;198;1;0,5;0,5
Person;2;1519782930;197;197;1;0,5;0,5
Person;2;1519782960;196;196;1;0,5;0,5
Person;2;1519782990;195;195;1;0,5;0,5
Person;2;1519783020;194;194;1;0,5;0,5
Person;2;1519783050;193;193;1;0,5;0,5
Person;2;1519783080;192;192;1;0,5;0,5
Person;2;1519783110;191;191;1;0,5;0,5
Person;2;1519783140;190;190;1;0,5;0,5
Person;3;1519772340;250;250;1;0,5;0,5
Person;3;1519772370;251;251;1;0,5;0,5
Person;3;1519772400;252;252;1;0,5;0,5
Person;3;1519772430;253;253;1;0,5;0,5
Person;3;1519772460;254;254;1;0,5;0,5
Person;3;1519772490;255;255;1;0,5;0,5
Person;3;1519772520;256;256;1;0,5;0,5
Person;3;1519772550;257;257;1;0,5;0,5
Person;3;1519772580;258;258;1;0,5;0,5
Person;3;1519772610;259;259;1;0,5;0,5
Person;3;1519772640;260;260;1;0,5;0,5
Person;3;1519772670;261;261;1;0,5;0,5
Person;3;1519772700;262;262;1;0,5;0,5
Person;3;1519772730;263;263;1;0,5;0,5
Person;3;1519772760;264;264;1;0,5;0,5
Person;3;1519772790;265;265;1;0,5;0,5
Person;3;1519772820;266;266;1;0,5;0,5
Person;3;1519772850;267;267;1;0,5;0,5
Person;3;1519772880;268;268;1;0,5;0,5
Person;3;1519772910;269;269;1;0,5;0,5
Person;3;1519772940;270;270;1;0,5;0,5
Person;3;1519772970;271;271;1;0,5;0,5
Person;3;1519773000;272;272;1;0,5;0,5
Person;3;1519773030;273;273;1;0,5;0,5
Person;3;1519773060;274;274;1;0,5;0,5
Person;3;1519773090;275;275;1;0,5;0,5
Person;3;1519773120;276;276;1;0,5;0,5
Person;3;1519773150;277;277;1;0,5;0,5
Person;3;1519773180;278;278;1;0,5;0,5
Person;3;1519773210;279;279;1;0,5;0,5
Person;3;1519773240;280;280;1;0,5;0,5
Person;3;1519773270;281;281;1;0,5;0,5
Person;3;1519773300;282;282;1;0,5;0,5
Person;3;1519773330;283;283;1;0,5;0,5
Person;3;1519773360;284;284;1;0,5;0,5
Person;3;1519773390;285;285;1;0,5;0,5
Person;3;1519773420;286;286;1;0,5;0,5
Person;3;1519773450;287;287;1;0,5;0,5
Person;3;1519773480;288;288;1;0,5;0,5
Person;3;1519773510;289;289;1;0,5;0,5
Person;3;1519773540;290;290;1;0,5;0,5
Person;3;1519773570;291;291;1;0,5;0,5
Person;3;1519773600;292;292;1;0,5;0,5
Person;3;1519773630;293;293;1;0,5;0,5
Person;3;1519773660;294;294;1;0,5;0,5
Person;3;1519773690;295;295;1;0,5;0,5
Person;3;1519773720;296;296;1;0,5;0,5
Person;3;1519773750;297;297;1;0,5;0,5
Person;3;1519773780;298;298;1;0,5;0,5
Person;3;1519773810;299;299;1;0,5;0,5
Person;3;1519773840;300;300;1;0,5;0,5
Person;3;1519773870;301;301;1;0,5;0,5
Person;3;1519773900;302;302;1;0,5;0,5
Person;3;1519773930;303;303;1;0,5;0,5
Person;3;1519773960;304;304;1;0,5;0,5
Person;3;1519773990;305;305;1;0,5;0,5
Person;3;1519774020;306;306;1;0,5;0,5
Person;3;1519774050;307;307;1;0,5;0,5
Person;3;1519774080;308;308;1;0,5;0,5
Person;3;1519774110;309;309;1;0,5;0,5
Person;3;1519774140;310;310;1;0,5;0,5
Person;3;1519774170;311;311;1;0,5;0,5
Person;3;1519774200;312;312;1;0,5;0,5
Person;3;1519774230;313;313;1;0,5;0,5
Person;3;1519774260;314;314;1;0,5;0,5
Person;3;1519774290;315;315;1;0,5;0,5
Person;3;1519774320;316;316;1;0,5;0,5
Person;3;1519774350;317;317;1;0,5;0,5
Person;3;1519774380;318;318;1;0,5;0,5
Person;3;1519774410;319;319;1;0,5;0,5
Person;3;1519774440;320;320;1;0,5;0,5
Person;3;1519774470;321;321;1;0,5;0,5
Person;3;1519774500;322;322;1;0,5;0,5
Person;3;1519774530;323;323;1;0,5;0,5
Person;3;1519774560;324;324;1;0,5;0,5
Person;3;1519774590;325;325;1;0,5;0,5
Person;3;1519774620;326;326;1;0,5;0,5
Person;3;1519774650;327;327;1;0,5;0,5
Person;3;1519774680;328;328;1;0,5;0,5
Person;3;1519774710;329;329;1;0,5;0,5
Person;3;1519774740;330;330;1;0,5;0,5
Person;3;1519774770;331;331;1;0,5;0,5
Person;3;1519774800;332;332;1;0,5;0,5
Person;3;1519774830;333;333;1;0,5;0,5
Person;3;1519774860;334;334;1;0,5;0,5
Person;3;1519774890;335;335;1;0,5;0,5
Person;3;1519774920;336;336;1;0,5;0,5
Person;3;1519774950;337;337;1;0,5;0,5
Person;3;1519774980;338;338;1;0,5;0,5
Person;3;1519775010;339;339;1;0,5;0,5
Person;3;1519775040;340;340;1;0,5;0,5
Person;3;1519775070;341;341;1;0,5;0,5
Person;3;1519775100;342;342;1;0,5;0,5
Person;3;1519775130;343;343;1;0,5;0,5
Person;3;1519775160;344;344;1;0,5;0,5
Person;3;1519775190;345;345;1;0,5;0,5
Person;3;1519775220;346;346;1;0,5;0,5
Person;3;1519775250;347;347;1;0,5;0,5
Person;3;1519775280;348;348;1;0,5;0,5
Person;3;1519775310;349;349;1;0,5;0,5
Person;3;1519775340;350;350;1;0,5;0,5
Person;3;1519775370;349;349;1;0,5;0,5
Person;3;1519775400;348;348;1;0,5;0,5
Person;3;1519775430;347;347;1;0,5;0,5
Person;3;1519775460;346;346;1;0,5;0,5
Person;3;1519775490;345;345;1;0,5;0,5
Person;3;1519775520;344;344;1;0,5;0,5
Person;3;1519775550;343;343;1;0,5;0,5
Person;3;1519775580;342;342;1;0,5;0,5
Person;3;1519775610;341;341;1;0,5;0,5
Person;3;1519775640;340;340;1;0,5;0,5
Person;3;1519775670;339;339;1;0,5;0,5
Person;3;1519775700;338;338;1;0,5;0,5
Person;3;1519775730;337;337;1;0,5;0,5
Person;3;1519775760;336;336;1;0,5;0,5
Person;3;1519775790;335;335;1;0,5;0,5
Person;3;1519775820;334;334;1;0,5;0,5
Person;3;1519775850;333;333;1;0,5;0,5
Person;3;1519775880;332;332;1;0,5;0,5
Person;3;1519775910;331;331;1;0,5;0,5
Person;3;1519775940;330;330;1;0,5;0,5
Person;3;1519775970;329;329;1;0,5;0,5
Person;3;1519776000;328;328;1;0,5;0,5
Person;3;1519776030;327;327;1;0,5;0,5
Person;3;1519776060;326;326;1;0,5;0,5
Person;3;1519776090;325;325;1;0,5;0,5
Person;3;1519776120;324;324;1;0,5;0,5
Person;3;1519776150;323;323;1;0,5;0,5
Person;3;1519776180;322;322;1;0,5;0,5
Person;3;1519776210;321;321;1;0,5;0,5
Person;3;1519776240;320;320;1;0,5;0,5
Person;3;1519776270;319;319;1;0,5;0,5
Person;3;1519776300;318;318;1;0,5;0,5
Person;3;1519776330;317;317;1;0,5;0,5
Person;3;1519776360;316;316;1;0,5;0,5
Person;3;1519776390;315;315;1;0,5;0,5
Person;3;1519776420;314;314;1;0,5;0,5
Person;3;1519776450;313;313;1;0,5;0,5
Person;3;1519776480;312;312;1;0,5;0,5
Person;3;1519776510;311;311;1;0,5;0,5
Person;3;1519776540;310;310;1;0,5;0,5
Person;3;1519776570;309;309;1;0,5;0,5
Person;3;1519776600;308;308;1;0,5;0,5
Person;3;1519776630;307;307;1;0,5;0,5
Person;3;1519776660;306;306;1;0,5;0,5
Person;3;1519776690;305;305;1;0,5;0,5
Person;3;1519776720;304;304;1;0,5;0,5
Person;3;1519776750;303;303;1;0,5;0,5
Person;3;1519776780;302;302;1;0,5;0,5
Person;3;1519776810;301;301;1;0,5;0,5
Person;3;1519776840;300;300;1;0,5;0,5
Person;3;1519776870;299;299;1;0,5;0,5
Person;3;1519776900;298;298;1;0,5;0,5
Person;3;1519776930;297;297;1;0,5;0,5
Person;3;1519776960;296;296;1;0,5;0,5
Person;3;1519776990;295;295;1;0,5;0,5
Person;3;1519777020;294;294;1;0,5;0,5
Person;3;1519777050;293;293;1;0,5;0,5
Person;3;1519777080;292;292;1;0,5;0,5
Person;3;1519777110;291;291;1;0,5;0,5
Person;3;1519777140;290;290;1;0,5;0,5
Person;3;1519777170;289;289;1;0,5;0,5
Person;3;1519777200;288;288;1;0,5;0,5
Person;3;1519777230;287;287;1;0,5;0,5
Person;3;1519777260;286;286;1;0,5;0,5
Person;3;1519777290;285;285;1;0,5;0,5
Person;3;1519777320;284;284;1;0,5;0,5
Person;3;1519777350;283;283;1;0,5;0,5
Person;3;1519777380;282;282;1;0,5;0,5
Person;3;1519777410;281;281;1;0,5;0,5
Person;3;1519777440;280;280;1;0,5;0,5
Person;3;1519777470;279;279;1;0,5;0,5
Person;3;1519777500;278;278;1;0,5;0,5
Person;3;1519777530;277;277;1;0,5;0,5
Person;3;1519777560;276;276;1;0,5;0,5
Person;3;1519777590;275;275;1;0,5;0,5
Person;3;1519777620;274;274;1;0,5;0,5
Person;3;1519777650;273;273;1;0,5;0,5
Person;3;1519777680;272;272;1;0,5;0,5
Person;3;1519777710;271;271;1;0,5;0,5
Person;3;1519777740;270;270;1;0,5;0,5
Person;3;1519777770;269;269;1;0,5;0,5
Person;3;1519777800;268;268;1;0,5;0,5
Person;3;1519777830;267;267;1;0,5;0,5
Person;3;1519777860;266;266;1;0,5;0,5
Person;3;1519777890;265;265;1;0,5;0,5
Person;3;1519777920;264;264;1;0,5;0,5
Person;3;1519777950;263;263;1;0,5;0,5
Person;3;1519777980;262;262;1;0,5;0,5
Person;3;1519778010;261;261;1;0,5;0,5
Person;3;1519778040;260;260;1;0,5;0,5
Person;3;1519778070;259;259;1;0,5;0,5
Person;3;1519778100;258;258;1;0,5;0,5
Person;3;1519778130;257;257;1;0,5;0,5
Person;3;1519778160;256;256;1;0,5;0,5
Person;3;1519778190;255;255;1;0,5;0,5
Person;3;1519778220;254;254;1;0,5;0,5
Person;3;1519778250;253;253;1;0,5;0,5
Person;3;1519778280;252;252;1;0,5;0,5
Person;3;1519778310;251;251;1;0,5;0,5
Person;3;1519778340;250;250;1;0,5;0,5
Person;3;1519778370;251;251;1;0,5;0,5
Person;3;1519778400;252;252;1;0,5;0,5
Person;3;1519778430;253;253;1;0,5;0,5
Person;3;1519778460;254;254;1;0,5;0,5
Person;3;1519778490;255;255;1;0,5;0,5
Person;3;1519778520;256;256;1;0,5;0,5
Person;3;1519778550;257;257;1;0,5;0,5
Person;3;1519778580;258;258;1;0,5;0,5
Person;3;1519778610;259;259;1;0,5;0,5
Person;3;1519778640;260;260;1;0,5;0,5
Person;3;1519778670;261;261;1;0,5;0,5
Person;3;1519778700;262;262;1;0,5;0,5
Person;3;1519778730;263;263;1;0,5;0,5
Person;3;1519778760;264;264;1;0,5;0,5
Person;3;1519778790;265;265;1;0,5;0,5
Person;3;1519778820;266;266;1;0,5;0,5
Person;3;1519778850;267;267;1;0,5;0,5
Person;3;1519778880;268;268;1;0,5;0,5
Person;3;1519778910;269;269;1;0,5;0,5
Person;3;1519778940;270;270;1;0,5;0,5
Person;3;1519778970;271;271;1;0,5;0,5
Person;3;1519779000;272;272;1;0,5;0,5
Person;3;1519779030;273;273;1;0,5;0,5
Person;3;1519779060;274;274;1;0,5;0,5
Person;3;1519779090;275;275;1;0,5;0,5
Person;3;1519779120;276;276;1;0,5;0,5
Person;3;1519779150;277;277;1;0,5;0,5
Person;3;1519779180;278;278;1;0,5;0,5
Person;3;1519779210;279;279;1;0,5;0,5
Person;3;1519779240;280;280;1;0,5;0,5
Person;3;1519779270;281;281;1;0,5;0,5
Person;3;1519779300;282;282;1;0,5;0,5
Person;3;1519779330;283;283;1;0,5;0,5
Person;3;1519779360;284;284;1;0,5;0,5
Person;3;1519779390;285;285;1;0,5;0,5
Person;3;1519779420;286;286;1;0,5;0,5
Person;3;1519779450;287;287;1;0,5;0,5
Person;3;1519779480;288;288;1;0,5;0,5
Person;3;1519779510;289;289;1;0,5;0,5
Person;3;1519779540;290;290;1;0,5;0,5
Person;3;1519779570;291;291;1;0,5;0,5
Person;3;1519779600;292;292;1;0,5;0,5
Person;3;1519779630;293;293;1;0,5;0,5
Person;3;1519779660;294;294;1;0,5;0,5
Person;3;1519779690;295;295;1;0,5;0,5
Person;3;1519779720;296;296;1;0,5;0,5
Person;3;1519779750;297;297;1;0,5;0,5
Person;3;1519779780;298;298;1;0,5;0,5
Person;3;1519779810;299;299;1;0,5;0,5
Person;3;1519779840;300;300;1;0,5;0,5
Person;3;1519779870;301;301;1;0,5;0,5
Person;3;1519779900;302;302;1;0,5;0,5
Person;3;1519779930;303;303;1;0,5;0,5
Person;3;1519779960;304;304;1;0,5;0,5
Person;3;1519779990;305;305;1;0,5;0,5
Person;3;1519780020;306;306;1;0,5;0,5
Person;3;1519780050;307;307;1;0,5;0,5
Person;3;1519780080;308;308;1;0,5;0,5
Person;3;1519780110;309;309;1;0,5;0,5
Person;3;1519780140;310;310;1;0,5;0,5
Person;3;1519780170;311;311;1;0,5;0,5
Person;3;1519780200;312;312;1;0,5;0,5
Person;3;1519780230;313;313;1;0,5;0,5
Person;3;1519780260;314;314;1;0,5;0,5
Person;3;1519780290;315;315;1;0,5;0,5
Person;3;1519780320;316;316;1;0,5;0,5
Person;3;1519780350;317;317;1;0,5;0,5
Person;3;1519780380;318;318;1;0,5;0,5
Person;3;1519780410;319;319;1;0,5;0,5
Person;3;1519780440;320;320;1;0,5;0,5
Person;3;1519780470;321;321;1;0,5;0,5
Person;3;1519780500;322;322;1;0,5;0,5
Person;3;1519780530;323;323;1;0,5;0,5
Person;3;1519780560;324;324;1;0,5;0,5
Person;3;1519780590;325;325;1;0,5;0,5
Person;3;1519780620;326;326;1;0,5;0,5
Person;3;1519780650;327;327;1;0,5;0,5
Person;3;1519780680;328;328;1;0,5;0,5
Person;3;1519780710;329;329;1;0,5;0,5
Person;3;1519780740;330;330;1;0,5;0,5
Person;3;1519780770;331;331;1;0,5;0,5
Person;3;1519780800;332;332;1;0,5;0,5
Person;3;1519780830;333;333;1;0,5;0,5
Person;3;1519780860;334;334;1;0,5;0,5
Person;3;1519780890;335;335;1;0,5;0,5
Person;3;1519780920;336;336;1;0,5;0,5
Person;3;1519780950;337;337;1;0,5;0,5
Person;3;1519780980;338;338;1;0,5;0,5
Person;3;1519781010;339;339;1;0,5;0,5
Person;3;1519781040;340;340;1;0,5;0,5
Person;3;1519781070;341;341;1;0,5;0,5
Person;3;1519781100;342;342;1;0,5;0,5
Person;3;1519781130;343;343;1;0,5;0,5
Person;3;1519781160;344;344;1;0,5;0,5
Person;3;1519781190;345;345;1;0,5;0,5
Person;3;1519781220;346;346;1;0,5;0,5
Person;3;1519781250;347;347;1;0,5;0,5
Person;3;1519781280;348;348;1;0,5;0,5
Person;3;1519781310;349;349;1;0,5;0,5
Person;3;1519781340;350;350;1;0,5;0,5
Person;3;1519781370;349;349;1;0,5;0,5
Person;3;1519781400;348;348;1;0,5;0,5
Person;3;1519781430;347;347;1;0,5;0,5
Person;3;1519781460;346;346;1;0,5;0,5
Person;3;1519781490;345;345;1;0,5;0,5
Person;3;1519781520;344;344;1;0,5;0,5
Person;3;1519781550;343;343;1;0,5;0,5
Person;3;1519781580;342;342;1;0,5;0,5
Person;3;1519781610;341;341;1;0,5;0,5
Person;3;1519781640;340;340;1;0,5;0,5
Person;3;1519781670;339;339;1;0,5;0,5
Person;3;1519781700;338;338;1;0,5;0,5
Person;3;1519781730;337;337;1;0,5;0,5
Person;3;1519781760;336;336;1;0,5;0,5
Person;3;1519781790;335;335;1;0,5;0,5
Person;3;1519781820;334;334;1;0,5;0,5
Person;3;1519781850;333;333;1;0,5;0,5
Person;3;1519781880;332;332;1;0,5;0,5
Person;3;1519781910;331;331;1;0,5;0,5
Person;3;1519781940;330;330;1;0,5;0,5
Person;3;1519781970;329;329;1;0,5;0,5
Person;3;1519782000;328;328;1;0,5;0,5
Person;3;1519782030;327;327;1;0,5;0,5
Person;3;1519782060;326;326;1;0,5;0,5
Person;3;1519782090;325;325;1;0,5;0,5
Person;3;1519782120;324;324;1;0,5;0,5
Person;3;1519782150;323;323;1;0,5;0,5
Person;3;1519782180;322;322;1;0,5;0,5
Person;3;1519782210;321;321;1;0,5;0,5
Person;3;1519782240;320;320;1;0,5;0,5
Person;3;1519782270;319;319;1;0,5;0,5
Person;3;1519782300;318;318;1;0,5;0,5
Person;3;1519782330;317;317;1;0,5;0,5
Person;3;1519782360;316;316;1;0,5;0,5
Person;3;1519782390;315;315;1;0,5;0,5
Person;3;1519782420;314;314;1;0,5;0,5
Person;3;1519782450;313;313;1;0,5;0,5
Person;3;1519782480;312;312;1;0,5;0,5
Person;3;1519782510;311;311;1;0,5;0,5
Person;3;1519782540;310;310;1;0,5;0,5
Person;3;1519782570;309;309;1;0,5;0,5
Person;3;1519782600;308;308;1;0,5;0,5
Person;3;1519782630;307;307;1;0,5;0,5
Person;3;1519782660;306;306;1;0,5;0,5
Person;3;1519782690;305;305;1;0,5;0,5
Person;3;1519782720;304;304;1;0,5;0,5
Person;3;1519782750;303;303;1;0,5;0,5
Person;3;1519782780;302;302;1;0,5;0,5
Person;3;1519782810;301;301;1;0,5;0,5
Person;3;1519782840;300;300;1;0,5;0,5
Person;3;1519782870;299;299;1;0,5;0,5
Person;3;1519782900;298;298;1;0,5;0,5
Person;3;1519782930;297;297;1;0,5;0,5
Person;3;1519782960;296;296;1;0,5;0,5
Person;3;1519782990;295;295;1;0,5;0,5
Person;3;1519783020;294;294;1;0,5;0,5
Person;3;1519783050;293;293;1;0,5;0,5
Person;3;1519783080;292;292;1;0,5;0,5
Person;3;1519783110;291;291;1;0,5;0,5
Person;3;1519783140;290;290;1;0,5;0,5
Person;4;1519772340;350;350;1;0,5;0,5
Person;4;1519772370;351;351;1;0,5;0,5
Person;4;1519772400;352;352;1;0,5;0,5
Person;4;1519772430;353;353;1;0,5;0,5
Person;4;1519772460;354;354;1;0,5;0,5
Person;4;1519772490;355;355;1;0,5;0,5
Person;4;1519772520;356;356;1;0,5;0,5
Person;4;1519772550;357;357;1;0,5;0,5
Person;4;1519772580;358;358;1;0,5;0,5
Person;4;1519772610;359;359;1;0,5;0,5
Person;4;1519772640;360;360;1;0,5;0,5
Person;4;1519772670;361;361;1;0,5;0,5
Person;4;1519772700;362;362;1;0,5;0,5
Person;4;1519772730;363;363;1;0,5;0,5
Person;4;1519772760;364;364;1;0,5;0,5
Person;4;1519772790;365;365;1;0,5;0,5
Person;4;1519772820;366;366;1;0,5;0,5
Person;4;1519772850;367;367;1;0,5;0,5
Person;4;1519772880;368;368;1;0,5;0,5
Person;4;1519772910;369;369;1;0,5;0,5
Person;4;1519772940;370;370;1;0,5;0,5
Person;4;1519772970;371;371;1;0,5;0,5
Person;4;1519773000;372;372;1;0,5;0,5
Person;4;1519773030;373;373;1;0,5;0,5
Person;4;1519773060;374;374;1;0,5;0,5
Person;4;1519773090;375;375;1;0,5;0,5
Person;4;1519773120;376;376;1;0,5;0,5
Person;4;1519773150;377;377;1;0,5;0,5
Person;4;1519773180;378;378;1;0,5;0,5
Person;4;1519773210;379;379;1;0,5;0,5
Person;4;1519773240;380;380;1;0,5;0,5
Person;4;1519773270;381;381;1;0,5;0,5
Person;4;1519773300;382;382;1;0,5;0,5
Person;4;1519773330;383;383;1;0,5;0,5
Person;4;1519773360;384;384;1;0,5;0,5
Person;4;1519773390;385;385;1;0,5;0,5
Person;4;1519773420;386;386;1;0,5;0,5
Person;4;1519773450;387;387;1;0,5;0,5
Person;4;1519773480;388;388;1;0,5;0,5
Person;4;1519773510;389;389;1;0,5;0,5
Person;4;1519773540;390;390;1;0,5;0,5
Person;4;1519773570;391;391;1;0,5;0,5
Person;4;1519773600;392;392;1;0,5;0,5
Person;4;1519773630;393;393;1;0,5;0,5
Person;4;1519773660;394;394;1;0,5;0,5
Person;4;1519773690;395;395;1;0,5;0,5
Person;4;1519773720;396;396;1;0,5;0,5
Person;4;1519773750;397;397;1;0,5;0,5
Person;4;1519773780;398;398;1;0,5;0,5
Person;4;1519773810;399;399;1;0,5;0,5
Person;4;1519773840;400;400;1;0,5;0,5
Person;4;1519773870;401;401;1;0,5;0,5
Person;4;1519773900;402;402;1;0,5;0,5
Person;4;1519773930;403;403;1;0,5;0,5
Person;4;1519773960;404;404;1;0,5;0,5
Person;4;1519773990;405;405;1;0,5;0,5
Person;4;1519774020;406;406;1;0,5;0,5
Person;4;1519774050;407;407;1;0,5;0,5
Person;4;1519774080;408;408;1;0,5;0,5
Person;4;1519774110;409;409;1;0,5;0,5
Person;4;1519774140;410;410;1;0,5;0,5
Person;4;1519774170;411;411;1;0,5;0,5
Person;4;1519774200;412;412;1;0,5;0,5
Person;4;1519774230;413;413;1;0,5;0,5
Person;4;1519774260;414;414;1;0,5;0,5
Person;4;1519774290;415;415;1;0,5;0,5
Person;4;1519774320;416;416;1;0,5;0,5
Person;4;1519774350;417;417;1;0,5;0,5
Person;4;1519774380;418;418;1;0,5;0,5
Person;4;1519774410;419;419;1;0,5;0,5
Person;4;1519774440;420;420;1;0,5;0,5
Person;4;1519774470;421;421;1;0,5;0,5
Person;4;1519774500;422;422;1;0,5;0,5
Person;4;1519774530;423;423;1;0,5;0,5
Person;4;1519774560;424;424;1;0,5;0,5
Person;4;1519774590;425;425;1;0,5;0,5
Person;4;1519774620;426;426;1;0,5;0,5
Person;4;1519774650;427;427;1;0,5;0,5
Person;4;1519774680;428;428;1;0,5;0,5
Person;4;1519774710;429;429;1;0,5;0,5
Person;4;1519774740;430;430;1;0,5;0,5
Person;4;1519774770;431;431;1;0,5;0,5
Person;4;1519774800;432;432;1;0,5;0,5
Person;4;1519774830;433;433;1;0,5;0,5
Person;4;1519774860;434;434;1;0,5;0,5
Person;4;1519774890;435;435;1;0,5;0,5
Person;4;1519774920;436;436;1;0,5;0,5
Person;4;1519774950;437;437;1;0,5;0,5
Person;4;1519774980;438;438;1;0,5;0,5
Person;4;1519775010;439;439;1;0,5;0,5
Person;4;1519775040;440;440;1;0,5;0,5
Person;4;1519775070;441;441;1;0,5;0,5
Person;4;1519775100;442;442;1;0,5;0,5
Person;4;1519775130;443;443;1;0,5;0,5
Person;4;1519775160;444;444;1;0,5;0,5
Person;4;1519775190;445;445;1;0,5;0,5
Person;4;1519775220;446;446;1;0,5;0,5
Person;4;1519775250;447;447;1;0,5;0,5
Person;4;1519775280;448;448;1;0,5;0,5
Person;4;1519775310;449;449;1;0,5;0,5
Person;4;1519775340;450;450;1;0,5;0,5
Person;4;1519775370;449;449;1;0,5;0,5
Person;4;1519775400;448;448;1;0,5;0,5
Person;4;1519775430;447;447;1;0,5;0,5
Person;4;1519775460;446;446;1;0,5;0,5
Person;4;1519775490;445;445;1;0,5;0,5
Person;4;1519775520;444;444;1;0,5;0,5
Person;4;1519775550;443;443;1;0,5;0,5
Person;4;1519775580;442;442;1;0,5;0,5
Person;4;1519775610;441;441;1;0,5;0,5
Person;4;1519775640;440;440;1;0,5;0,5
Person;4;1519775670;439;439;1;0,5;0,5
Person;4;1519775700;438;438;1;0,5;0,5
Person;4;1519775730;437;437;1;0,5;0,5
Person;4;1519775760;436;436;1;0,5;0,5
Person;4;1519775790;435;435;1;0,5;0,5
Person;4;1519775820;434;434;1;0,5;0,5
Person;4;1519775850;433;433;1;0,5;0,5
Person;4;1519775880;432;432;1;0,5;0,5
Person;4;1519775910;431;431;1;0,5;0,5
Person;4;1519775940;430;430;1;0,5;0,5
Person;4;1519775970;429;429;1;0,5;0,5
Person;4;1519776000;428;428;1;0,5;0,5
Person;4;1519776030;427;427;1;0,5;0,5
Person;4;1519776060;426;426;1;0,5;0,5
Person;4;1519776090;425;425;1;0,5;0,5
Person;4;1519776120;424;424;1;0,5;0,5
Person;4;1519776150;423;423;1;0,5;0,5
Person;4;1519776180;422;422;1;0,5;0,5
Person;4;1519776210;421;421;1;0,5;0,5
Person;4;1519776240;420;420;1;0,5;0,5
Person;4;1519776270;419;419;1;0,5;0,5
Person;4;1519776300;418;418;1;0,5;0,5
Person;4;1519776330;417;417;1;0,5;0,5
Person;4;1519776360;416;416;1;0,5;0,5
Person;4;1519776390;415;415;1;0,5;0,5
Person;4;1519776420;414;414;1;0,5;0,5
Person;4;1519776450;413;413;1;0,5;0,5
Person;4;1519776480;412;412;1;0,5;0,5
Person;4;1519776510;411;411;1;0,5;0,5
Person;4;1519776540;410;410;1;0,5;0,5
Person;4;1519776570;409;409;1;0,5;0,5
Person;4;1519776600;408;408;1;0,5;0,5
Person;4;1519776630;407;407;1;0,5;0,5
Person;4;1519776660;406;406;1;0,5;0,5
Person;4;1519776690;405;405;1;0,5;0,5
Person;4;1519776720;404;404;1;0,5;0,5
Person;4;1519776750;403;403;1;0,5;0,5
Person;4;1519776780;402;402;1;0,5;0,5
Person;4;1519776810;401;401;1;0,5;0,5
Person;4;1519776840;400;400;1;0,5;0,5
Person;4;1519776870;399;399;1;0,5;0,5
Person;4;1519776900;398;398;1;0,5;0,5
Person;4;1519776930;397;397;1;0,5;0,5
Person;4;1519776960;396;396;1;0,5;0,5
Person;4;1519776990;395;395;1;0,5;0,5
Person;4;1519777020;394;394;1;0,5;0,5
Person;4;1519777050;393;393;1;0,5;0,5
Person;4;1519777080;392;392;1;0,5;0,5
Person;4;1519777110;391;391;1;0,5;0,5
Person;4;1519777140;390;390;1;0,5;0,5
Person;4;1519777170;389;389;1;0,5;0,5
Person;4;1519777200;388;388;1;0,5;0,5
Person;4;1519777230;387;387;1;0,5;0,5
Person;4;1519777260;386;386;1;0,5;0,5
Person;4;1519777290;385;385;1;0,5;0,5
Person;4;1519777320;384;384;1;0,5;0,5
Person;4;1519777350;383;383;1;0,5;0,5
Person;4;1519777380;382;382;1;0,5;0,5
Person;4;1519777410;381;381;1;0,5;0,5
Person;4;1519777440;380;380;1;0,5;0,5
Person;4;1519777470;379;379;1;0,5;0,5
Person;4;1519777500;378;378;1;0,5;0,5
Person;4;1519777530;377;377;1;0,5;0,5
Person;4;1519777560;376;376;1;0,5;0,5
Person;4;1519777590;375;375;1;0,5;0,5
Person;4;1519777620;374;374;1;0,5;0,5
Person;4;1519777650;373;373;1;0,5;0,5
Person;4;1519777680;372;372;1;0,5;0,5
Person;4;1519777710;371;371;1;0,5;0,5
Person;4;1519777740;370;370;1;0,5;0,5
Person;4;1519777770;369;369;1;0,5;0,5
Person;4;1519777800;368;368;1;0,5;0,5
Person;4;1519777830;367;367;1;0,5;0,5
Person;4;1519777860;366;366;1;0,5;0,5
Person;4;1519777890;365;365;1;0,5;0,5
Person;4;1519777920;364;364;1;0,5;0,5
Person;4;1519777950;363;363;1;0,5;0,5
Person;4;1519777980;362;362;1;0,5;0,5
Person;4;1519778010;361;361;1;0,5;0,5
Person;4;1519778040;360;360;1;0,5;0,5
Person;4;1519778070;359;359;1;0,5;0,5
Person;4;1519778100;358;358;1;0,5;0,5
Person;4;1519778130;357;357;1;0,5;0,5
Person;4;1519778160;356;356;1;0,5;0,5
Person;4;1519778190;355;355;1;0,5;0,5
Person;4;1519778220;354;354;1;0,5;0,5
Person;4;1519778250;353;353;1;0,5;0,5
Person;4;1519778280;352;352;1;0,5;0,5
Person;4;1519778310;351;351;1;0,5;0,5
Person;4;1519778340;350;350;1;0,5;0,5
Person;4;1519778370;351;351;1;0,5;0,5
Person;4;1519778400;352;352;1;0,5;0,5
Person;4;1519778430;353;353;1;0,5;0,5
Person;4;1519778460;354;354;1;0,5;0,5
Person;4;1519778490;355;355;1;0,5;0,5
Person;4;1519778520;356;356;1;0,5;0,5
Person;4;1519778550;357;357;1;0,5;0,5
Person;4;1519778580;358;358;1;0,5;0,5
Person;4;1519778610;359;359;1;0,5;0,5
Person;4;1519778640;360;360;1;0,5;0,5
Person;4;1519778670;361;361;1;0,5;0,5
Person;4;1519778700;362;362;1;0,5;0,5
Person;4;1519778730;363;363;1;0,5;0,5
Person;4;1519778760;364;364;1;0,5;0,5
Person;4;1519778790;365;365;1;0,5;0,5
Person;4;1519778820;366;366;1;0,5;0,5
Person;4;1519778850;367;367;1;0,5;0,5
Person;4;1519778880;368;368;1;0,5;0,5
Person;4;1519778910;369;369;1;0,5;0,5
Person;4;1519778940;370;370;1;0,5;0,5
Person;4;1519778970;371;371;1;0,5;0,5
Person;4;1519779000;372;372;1;0,5;0,5
Person;4;1519779030;373;373;1;0,5;0,5
Person;4;1519779060;374;374;1;0,5;0,5
Person;4;1519779090;375;375;1;0,5;0,5
Person;4;1519779120;376;376;1;0,5;0,5
Person;4;1519779150;377;377;1;0,5;0,5
Person;4;1519779180;378;378;1;0,5;0,5
Person;4;1519779210;379;379;1;0,5;0,5
Person;4;1519779240;380;380;1;0,5;0,5
Person;4;1519779270;381;381;1;0,5;0,5
Person;4;1519779300;382;382;1;0,5;0,5
Person;4;1519779330;383;383;1;0,5;0,5
Person;4;1519779360;384;384;1;0,5;0,5
Person;4;1519779390;385;385;1;0,5;0,5
Person;4;1519779420;386;386;1;0,5;0,5
Person;4;1519779450;387;387;1;0,5;0,5
Person;4;1519779480;388;388;1;0,5;0,5
Person;4;1519779510;389;389;1;0,5;0,5
Person;4;1519779540;390;390;1;0,5;0,5
Person;4;1519779570;391;391;1;0,5;0,5
Person;4;1519779600;392;392;1;0,5;0,5
Person;4;1519779630;393;393;1;0,5;0,5
Person;4;1519779660;394;394;1;0,5;0,5
Person;4;1519779690;395;395;1;0,5;0,5
Person;4;1519779720;396;396;1;0,5;0,5
Person;4;1519779750;397;397;1;0,5;0,5
Person;4;1519779780;398;398;1;0,5;0,5
Person;4;1519779810;399;399;1;0,5;0,5
Person;4;1519779840;400;400;1;0,5;0,5
Person;4;1519779870;401;401;1;0,5;0,5
Person;4;1519779900;402;402;1;0,5;0,5
Person;4;1519779930;403;403;1;0,5;0,5
Person;4;1519779960;404;404;1;0,5;0,5
Person;4;1519779990;405;405;1;0,5;0,5
Person;4;1519780020;406;406;1;0,5;0,5
Person;4;1519780050;407;407;1;0,5;0,5
Person;4;1519780080;408;408;1;0,5;0,5
Person;4;1519780110;409;409;1;0,5;0,5
Person;4;1519780140;410;410;1;0,5;0,5
Person;4;1519780170;411;411;1;0,5;0,5
Person;4;1519780200;412;412;1;0,5;0,5
Person;4;1519780230;413;413;1;0,5;0,5
Person;4;1519780260;414;414;1;0,5;0,5
Person;4;1519780290;415;415;1;0,5;0,5
Person;4;1519780320;416;416;1;0,5;0,5
Person;4;1519780350;417;417;1;0,5;0,5
Person;4;1519780380;418;418;1;0,5;0,5
Person;4;1519780410;419;419;1;0,5;0,5
Person;4;1519780440;420;420;1;0,5;0,5
Person;4;1519780470;421;421;1;0,5;0,5
Person;4;1519780500;422;422;1;0,5;0,5
Person;4;1519780530;423;423;1;0,5;0,5
Person;4;1519780560;424;424;1;0,5;0,5
Person;4;1519780590;425;425;1;0,5;0,5
Person;4;1519780620;426;426;1;0,5;0,5
Person;4;1519780650;427;427;1;0,5;0,5
Person;4;1519780680;428;428;1;0,5;0,5
Person;4;1519780710;429;429;1;0,5;0,5
Person;4;1519780740;430;430;1;0,5;0,5
Person;4;1519780770;431;431;1;0,5;0,5
Person;4;1519780800;432;432;1;0,5;0,5
Person;4;1519780830;433;433;1;0,5;0,5
Person;4;1519780860;434;434;1;0,5;0,5
Person;4;1519780890;435;435;1;0,5;0,5
Person;4;1519780920;436;436;1;0,5;0,5
Person;4;1519780950;437;437;1;0,5;0,5
Person;4;1519780980;438;438;1;0,5;0,5
Person;4;1519781010;439;439;1;0,5;0,5
Person;4;1519781040;440;440;1;0,5;0,5
Person;4;1519781070;441;441;1;0,5;0,5
Person;4;1519781100;442;442;1;0,5;0,5
Person;4;1519781130;443;443;1;0,5;0,5
Person;4;1519781160;444;444;1;0,5;0,5
Person;4;1519781190;445;445;1;0,5;0,5
Person;4;1519781220;446;446;1;0,5;0,5
Person;4;1519781250;447;447;1;0,5;0,5
Person;4;1519781280;448;448;1;0,5;0,5
Person;4;1519781310;449;449;1;0,5;0,5
Person;4;1519781340;450;450;1;0,5;0,5
Person;4;1519781370;449;449;1;0,5;0,5
Person;4;1519781400;448;448;1;0,5;0,5
Person;4;1519781430;447;447;1;0,5;0,5
Person;4;1519781460;446;446;1;0,5;0,5
Person;4;1519781490;445;445;1;0,5;0,5
Person;4;1519781520;444;444;1;0,5;0,5
Person;4;1519781550;443;443;1;0,5;0,5
Person;4;1519781580;442;442;1;0,5;0,5
Person;4;1519781610;441;441;1;0,5;0,5
Person;4;1519781640;440;440;1;0,5;0,5
Person;4;1519781670;439;439;1;0,5;0,5
Person;4;1519781700;438;438;1;0,5;0,5
Person;4;1519781730;437;437;1;0,5;0,5
Person;4;1519781760;436;436;1;0,5;0,5
Person;4;1519781790;435;435;1;0,5;0,5
Person;4;1519781820;434;434;1;0,5;0,5
Person;4;1519781850;433;433;1;0,5;0,5
Person;4;1519781880;432;432;1;0,5;0,5
Person;4;1519781910;431;431;1;0,5;0,5
Person;4;1519781940;430;430;1;0,5;0,5
Person;4;1519781970;429;429;1;0,5;0,5
Person;4;1519782000;428;428;1;0,5;0,5
Person;4;1519782030;427;427;1;0,5;0,5
Person;4;1519782060;426;426;1;0,5;0,5
Person;4;1519782090;425;425;1;0,5;0,5
Person;4;1519782120;424;424;1;0,5;0,5
Person;4;1519782150;423;423;1;0,5;0,5
Person;4;1519782180;422;422;1;0,5;0,5
Person;4;1519782210;421;421;1;0,5;0,5
Person;4;1519782240;420;420;1;0,5;0,5
Person;4;1519782270;419;419;1;0,5;0,5
Person;4;1519782300;418;418;1;0,5;0,5
Person;4;1519782330;417;417;1;0,5;0,5
Person;4;1519782360;416;416;1;0,5;0,5
Person;4;1519782390;415;415;1;0,5;0,5
Person;4;1519782420;414;414;1;0,5;0,5
Person;4;1519782450;413;413;1;0,5;0,5
Person;4;1519782480;412;412;1;0,5;0,5
Person;4;1519782510;411;411;1;0,5;0,5
Person;4;1519782540;410;410;1;0,5;0,5
Person;4;1519782570;409;409;1;0,5;0,5
Person;4;1519782600;408;408;1;0,5;0,5
Person;4;1519782630;407;407;1;0,5;0,5
Person;4;1519782660;406;406;1;0,5;0,5
Person;4;1519782690;405;405;1;0,5;0,5
Person;4;1519782720;404;404;1;0,5;0,5
Person;4;1519782750;403;403;1;0,5;0,5
Person;4;1519782780;402;402;1;0,5;0,5
Person;4;1519782810;401;401;1;0,5;0,5
Person;4;1519782840;400;400;1;0,5;0,5
Person;4;1519782870;399;399;1;0,5;0,5
Person;4;1519782900;398;398;1;0,5;0,5
Person;4;1519782930;397;397;1;0,5;0,5
Person;4;1519782960;396;396;1;0,5;0,5
Person;4;1519782990;395;395;1;0,5;0,5
Person;4;1519783020;394;394;1;0,5;0,5
Person;4;1519783050;393;393;1;0,5;0,5
Person;4;1519783080;392;392;1;0,5;0,5
Person;4;1519783110;391;391;1;0,5;0,5
Person;4;1519783140;390;390;1;0,5;0,5
Person;5;1519772340;450;450;1;0,5;0,5
Person;5;1519772370;451;451;1;0,5;0,5
Person;5;1519772400;452;452;1;0,5;0,5
Person;5;1519772430;453;453;1;0,5;0,5
Person;5;1519772460;454;454;1;0,5;0,5
Person;5;1519772490;455;455;1;0,5;0,5
Person;5;1519772520;456;456;1;0,5;0,5
Person;5;1519772550;457;457;1;0,5;0,5
Person;5;1519772580;458;458;1;0,5;0,5
Person;5;1519772610;459;459;1;0,5;0,5
Person;5;1519772640;460;460;1;0,5;0,5
Person;5;1519772670;461;461;1;0,5;0,5
Person;5;1519772700;462;462;1;0,5;0,5
Person;5;1519772730;463;463;1;0,5;0,5
Person;5;1519772760;464;464;1;0,5;0,5
Person;5;1519772790;465;465;1;0,5;0,5
Person;5;1519772820;466;466;1;0,5;0,5
Person;5;1519772850;467;467;1;0,5;0,5
Person;5;1519772880;468;468;1;0,5;0,5
Person;5;1519772910;469;469;1;0,5;0,5
Person;5;1519772940;470;470;1;0,5;0,5
Person;5;1519772970;471;471;1;0,5;0,5
Person;5;1519773000;472;472;1;0,5;0,5
Person;5;1519773030;473;473;1;0,5;0,5
Person;5;1519773060;474;474;1;0,5;0,5
Person;5;1519773090;475;475;1;0,5;0,5
Person;5;1519773120;476;476;1;0,5;0,5
Person;5;1519773150;477;477;1;0,5;0,5
Person;5;1519773180;478;478;1;0,5;0,5
Person;5;1519773210;479;479;1;0,5;0,5
Person;5;1519773240;480;480;1;0,5;0,5
Person;5;1519773270;481;481;1;0,5;0,5
Person;5;1519773300;482;482;1;0,5;0,5
Person;5;1519773330;483;483;1;0,5;0,5
Person;5;1519773360;484;484;1;0,5;0,5
Person;5;1519773390;485;485;1;0,5;0,5
Person;5;1519773420;486;486;1;0,5;0,5
Person;5;1519773450;487;487;1;0,5;0,5
Person;5;1519773480;488;488;1;0,5;0,5
Person;5;1519773510;489;489;1;0,5;0,5
Person;5;1519773540;490;490;1;0,5;0,5
Person;5;1519773570;491;491;1;0,5;0,5
Person;5;1519773600;492;492;1;0,5;0,5
Person;5;1519773630;493;493;1;0,5;0,5
Person;5;1519773660;494;494;1;0,5;0,5
Person;5;1519773690;495;495;1;0,5;0,5
Person;5;1519773720;496;496;1;0,5;0,5
Person;5;1519773750;497;497;1;0,5;0,5
Person;5;1519773780;498;498;1;0,5;0,5
Person;5;1519773810;499;499;1;0,5;0,5
Person;5;1519773840;500;500;1;0,5;0,5
Person;5;1519773870;501;501;1;0,5;0,5
Person;5;1519773900;502;502;1;0,5;0,5
Person;5;1519773930;503;503;1;0,5;0,5
Person;5;1519773960;504;504;1;0,5;0,5
Person;5;1519773990;505;505;1;0,5;0,5
Person;5;1519774020;506;506;1;0,5;0,5
Person;5;1519774050;507;507;1;0,5;0,5
Person;5;1519774080;508;508;1;0,5;0,5
Person;5;1519774110;509;509;1;0,5;0,5
Person;5;1519774140;510;510;1;0,5;0,5
Person;5;1519774170;511;511;1;0,5;0,5
Person;5;1519774200;512;512;1;0,5;0,5
Person;5;1519774230;513;513;1;0,5;0,5
Person;5;1519774260;514;514;1;0,5;0,5
Person;5;1519774290;515;515;1;0,5;0,5
Person;5;1519774320;516;516;1;0,5;0,5
Person;5;1519774350;517;517;1;0,5;0,5
Person;5;1519774380;518;518;1;0,5;0,5
Person;5;1519774410;519;519;1;0,5;0,5
Person;5;1519774440;520;520;1;0,5;0,5
Person;5;1519774470;521;521;1;0,5;0,5
Person;5;1519774500;522;522;1;0,5;0,5
Person;5;1519774530;523;523;1;0,5;0,5
Person;5;1519774560;524;524;1;0,5;0,5
Person;5;1519774590;525;525;1;0,5;0,5
Person;5;1519774620;526;526;1;0,5;0,5
Person;5;1519774650;527;527;1;0,5;0,5
Person;5;1519774680;528;528;1;0,5;0,5
Person;5;1519774710;529;529;1;0,5;0,5
Person;5;1519774740;530;530;1;0,5;0,5
Person;5;1519774770;531;531;1;0,5;0,5
Person;5;1519774800;532;532;1;0,5;0,5
Person;5;1519774830;533;533;1;0,5;0,5
Person;5;1519774860;534;534;1;0,5;0,5
Person;5;1519774890;535;535;1;0,5;0,5
Person;5;1519774920;536;536;1;0,5;0,5
Person;5;1519774950;537;537;1;0,5;0,5
Person;5;1519774980;538;538;1;0,5;0,5
Person;5;1519775010;539;539;1;0,5;0,5
Person;5;1519775040;540;540;1;0,5;0,5
Person;5;1519775070;541;541;1;0,5;0,5
Person;5;1519775100;542;542;1;0,5;0,5
Person;5;1519775130;543;543;1;0,5;0,5
Person;5;1519775160;544;544;1;0,5;0,5
Person;5;1519775190;545;545;1;0,5;0,5
Person;5;1519775220;546;546;1;0,5;0,5
Person;5;1519775250;547;547;1;0,5;0,5
Person;5;1519775280;548;548;1;0,5;0,5
Person;5;1519775310;549;549;1;0,5;0,5
Person;5;1519775340;550;550;1;0,5;0,5
Person;5;1519775370;549;549;1;0,5;0,5
Person;5;1519775400;548;548;1;0,5;0,5
Person;5;1519775430;547;547;1;0,5;0,5
Person;5;1519775460;546;546;1;0,5;0,5
Person;5;1519775490;545;545;1;0,5;0,5
Person;5;1519775520;544;544;1;0,5;0,5
Person;5;1519775550;543;543;1;0,5;0,5
Person;5;1519775580;542;542;1;0,5;0,5
Person;5;1519775610;541;541;1;0,5;0,5
Person;5;1519775640;540;540;1;0,5;0,5
Person;5;1519775670;539;539;1;0,5;0,5
Person;5;1519775700;538;538;1;0,5;0,5
Person;5;1519775730;537;537;1;0,5;0,5
Person;5;1519775760;536;536;1;0,5;0,5
Person;5;1519775790;535;535;1;0,5;0,5
Person;5;1519775820;534;534;1;0,5;0,5
Person;5;1519775850;533;533;1;0,5;0,5
Person;5;1519775880;532;532;1;0,5;0,5
Person;5;1519775910;531;531;1;0,5;0,5
Person;5;1519775940;530;530;1;0,5;0,5
Person;5;1519775970;529;529;1;0,5;0,5
Person;5;1519776000;528;528;1;0,5;0,5
Person;5;1519776030;527;527;1;0,5;0,5
Person;5;1519776060;526;526;1;0,5;0,5
Person;5;1519776090;525;525;1;0,5;0,5
Person;5;1519776120;524;524;1;0,5;0,5
Person;5;1519776150;523;523;1;0,5;0,5
Person;5;1519776180;522;522;1;0,5;0,5
Person;5;1519776210;521;521;1;0,5;0,5
Person;5;1519776240;520;520;1;0,5;0,5
Person;5;1519776270;519;519;1;0,5;0,5
Person;5;1519776300;518;518;1;0,5;0,5
Person;5;1519776330;517;517;1;0,5;0,5
Person;5;1519776360;516;516;1;0,5;0,5
Person;5;1519776390;515;515;1;0,5;0,5
Person;5;1519776420;514;514;1;0,5;0,5
Person;5;1519776450;513;513;1;0,5;0,5
Person;5;1519776480;512;512;1;0,5;0,5
Person;5;1519776510;511;511;1;0,5;0,5
Person;5;1519776540;510;510;1;0,5;0,5
Person;5;1519776570;509;509;1;0,5;0,5
Person;5;1519776600;508;508;1;0,5;0,5
Person;5;1519776630;507;507;1;0,5;0,5
Person;5;1519776660;506;506;1;0,5;0,5
Person;5;1519776690;505;505;1;0,5;0,5
Person;5;1519776720;504;504;1;0,5;0,5
Person;5;1519776750;503;503;1;0,5;0,5
Person;5;1519776780;502;502;1;0,5;0,5
Person;5;1519776810;501;501;1;0,5;0,5
Person;5;1519776840;500;500;1;0,5;0,5
Person;5;1519776870;499;499;1;0,5;0,5
Person;5;1519776900;498;498;1;0,5;0,5
Person;5;1519776930;497;497;1;0,5;0,5
Person;5;1519776960;496;496;1;0,5;0,5
Person;5;1519776990;495;495;1;0,5;0,5
Person;5;1519777020;494;494;1;0,5;0,5
Person;5;1519777050;493;493;1;0,5;0,5
Person;5;1519777080;492;492;1;0,5;0,5
Person;5;1519777110;491;491;1;0,5;0,5
Person;5;1519777140;490;490;1;0,5;0,5
Person;5;1519777170;489;489;1;0,5;0,5
Person;5;1519777200;488;488;1;0,5;0,5
Person;5;1519777230;487;487;1;0,5;0,5
Person;5;1519777260;486;486;1;0,5;0,5
Person;5;1519777290;485;485;1;0,5;0,5
Person;5;1519777320;484;484;1;0,5;0,5
Person;5;1519777350;483;483;1;0,5;0,5
Person;5;1519777380;482;482;1;0,5;0,5
Person;5;1519777410;481;481;1;0,5;0,5
Person;5;1519777440;480;480;1;0,5;0,5
Person;5;1519777470;479;479;1;0,5;0,5
Person;5;1519777500;478;478;1;0,5;0,5
Person;5;1519777530;477;477;1;0,5;0,5
Person;5;1519777560;476;476;1;0,5;0,5
Person;5;1519777590;475;475;1;0,5;0,5
Person;5;1519777620;474;474;1;0,5;0,5
Person;5;1519777650;473;473;1;0,5;0,5
Person;5;1519777680;472;472;1;0,5;0,5
Person;5;1519777710;471;471;1;0,5;0,5
Person;5;1519777740;470;470;1;0,5;0,5
Person;5;1519777770;469;469;1;0,5;0,5
Person;5;1519777800;468;468;1;0,5;0,5
Person;5;1519777830;467;467;1;0,5;0,5
Person;5;1519777860;466;466;1;0,5;0,5
Person;5;1519777890;465;465;1;0,5;0,5
Person;5;1519777920;464;464;1;0,5;0,5
Person;5;1519777950;463;463;1;0,5;0,5
Person;5;1519777980;462;462;1;0,5;0,5
Person;5;1519778010;461;461;1;0,5;0,5
Person;5;1519778040;460;460;1;0,5;0,5
Person;5;1519778070;459;459;1;0,5;0,5
Person;5;1519778100;458;458;1;0,5;0,5
Person;5;1519778130;457;457;1;0,5;0,5
Person;5;1519778160;456;456;1;0,5;0,5
Person;5;1519778190;455;455;1;0,5;0,5
Person;5;1519778220;454;454;1;0,5;0,5
Person;5;1519778250;453;453;1;0,5;0,5
Person;5;1519778280;452;452;1;0,5;0,5
Person;5;1519778310;451;451;1;0,5;0,5
Person;5;1519778340;450;450;1;0,5;0,5
Person;5;1519778370;451;451;1;0,5;0,5
Person;5;1519778400;452;452;1;0,5;0,5
Person;5;1519778430;453;453;1;0,5;0,5
Person;5;1519778460;454;454;1;0,5;0,5
Person;5;1519778490;455;455;1;0,5;0,5
Person;5;1519778520;456;456;1;0,5;0,5
Person;5;1519778550;457;457;1;0,5;0,5
Person;5;1519778580;458;458;1;0,5;0,5
Person;5;1519778610;459;459;1;0,5;0,5
Person;5;1519778640;460;460;1;0,5;0,5
Person;5;1519778670;461;461;1;0,5;0,5
Person;5;1519778700;462;462;1;0,5;0,5
Person;5;1519778730;463;463;1;0,5;0,5
Person;5;1519778760;464;464;1;0,5;0,5
Person;5;1519778790;465;465;1;0,5;0,5
Person;5;1519778820;466;466;1;0,5;0,5
Person;5;1519778850;467;467;1;0,5;0,5
Person;5;1519778880;468;468;1;0,5;0,5
Person;5;1519778910;469;469;1;0,5;0,5
Person;5;1519778940;470;470;1;0,5;0,5
Person;5;1519778970;471;471;1;0,5;0,5
Person;5;1519779000;472;472;1;0,5;0,5
Person;5;1519779030;473;473;1;0,5;0,5
Person;5;1519779060;474;474;1;0,5;0,5
Person;5;1519779090;475;475;1;0,5;0,5
Person;5;1519779120;476;476;1;0,5;0,5
Person;5;1519779150;477;477;1;0,5;0,5
Person;5;1519779180;478;478;1;0,5;0,5
Person;5;1519779210;479;479;1;0,5;0,5
Person;5;1519779240;480;480;1;0,5;0,5
Person;5;1519779270;481;481;1;0,5;0,5
Person;5;1519779300;482;482;1;0,5;0,5
Person;5;1519779330;483;483;1;0,5;0,5
Person;5;1519779360;484;484;1;0,5;0,5
Person;5;1519779390;485;485;1;0,5;0,5
Person;5;1519779420;486;486;1;0,5;0,5
Person;5;1519779450;487;487;1;0,5;0,5
Person;5;1519779480;488;488;1;0,5;0,5
Person;5;1519779510;489;489;1;0,5;0,5
Person;5;1519779540;490;490;1;0,5;0,5
Person;5;1519779570;491;491;1;0,5;0,5
Person;5;1519779600;492;492;1;0,5;0,5
Person;5;1519779630;493;493;1;0,5;0,5
Person;5;1519779660;494;494;1;0,5;0,5
Person;5;1519779690;495;495;1;0,5;0,5
Person;5;1519779720;496;496;1;0,5;0,5
Person;5;1519779750;497;497;1;0,5;0,5
Person;5;1519779780;498;498;1;0,5;0,5
Person;5;1519779810;499;499;1;0,5;0,5
Person;5;1519779840;500;500;1;0,5;0,5
Person;5;1519779870;501;501;1;0,5;0,5
Person;5;1519779900;502;502;1;0,5;0,5
Person;5;1519779930;503;503;1;0,5;0,5
Person;5;1519779960;504;504;1;0,5;0,5
Person;5;1519779990;505;505;1;0,5;0,5
Person;5;1519780020;506;506;1;0,5;0,5
Person;5;1519780050;507;507;1;0,5;0,5
Person;5;1519780080;508;508;1;0,5;0,5
Person;5;1519780110;509;509;1;0,5;0,5
Person;5;1519780140;510;510;1;0,5;0,5
Person;5;1519780170;511;511;1;0,5;0,5
Person;5;1519780200;512;512;1;0,5;0,5
Person;5;1519780230;513;513;1;0,5;0,5
Person;5;1519780260;514;514;1;0,5;0,5
Person;5;1519780290;515;515;1;0,5;0,5
Person;5;1519780320;516;516;1;0,5;0,5
Person;5;1519780350;517;517;1;0,5;0,5
Person;5;1519780380;518;518;1;0,5;0,5
Person;5;1519780410;519;519;1;0,5;0,5
Person;5;1519780440;520;520;1;0,5;0,5
Person;5;1519780470;521;521;1;0,5;0,5
Person;5;1519780500;522;522;1;0,5;0,5
Person;5;1519780530;523;523;1;0,5;0,5
Person;5;1519780560;524;524;1;0,5;0,5
Person;5;1519780590;525;525;1;0,5;0,5
Person;5;1519780620;526;526;1;0,5;0,5
Person;5;1519780650;527;527;1;0,5;0,5
Person;5;1519780680;528;528;1;0,5;0,5
Person;5;1519780710;529;529;1;0,5;0,5
Person;5;1519780740;530;530;1;0,5;0,5
Person;5;1519780770;531;531;1;0,5;0,5
Person;5;1519780800;532;532;1;0,5;0,5
Person;5;1519780830;533;533;1;0,5;0,5
Person;5;1519780860;534;534;1;0,5;0,5
Person;5;1519780890;535;535;1;0,5;0,5
Person;5;1519780920;536;536;1;0,5;0,5
Person;5;1519780950;537;537;1;0,5;0,5
Person;5;1519780980;538;538;1;0,5;0,5
Person;5;1519781010;539;539;1;0,5;0,5
Person;5;1519781040;540;540;1;0,5;0,5
Person;5;1519781070;541;541;1;0,5;0,5
Person;5;1519781100;542;542;1;0,5;0,5
Person;5;1519781130;543;543;1;0,5;0,5
Person;5;1519781160;544;544;1;0,5;0,5
Person;5;1519781190;545;545;1;0,5;0,5
Person;5;1519781220;546;546;1;0,5;0,5
Person;5;1519781250;547;547;1;0,5;0,5
Person;5;1519781280;548;548;1;0,5;0,5
Person;5;1519781310;549;549;1;0,5;0,5
Person;5;1519781340;550;550;1;0,5;0,5
Person;5;1519781370;549;549;1;0,5;0,5
Person;5;1519781400;548;548;1;0,5;0,5
Person;5;1519781430;547;547;1;0,5;0,5
Person;5;1519781460;546;546;1;0,5;0,5
Person;5;1519781490;545;545;1;0,5;0,5
Person;5;1519781520;544;544;1;0,5;0,5
Person;5;1519781550;543;543;1;0,5;0,5
Person;5;1519781580;542;542;1;0,5;0,5
Person;5;1519781610;541;541;1;0,5;0,5
Person;5;1519781640;540;540;1;0,5;0,5
Person;5;1519781670;539;539;1;0,5;0,5
Person;5;1519781700;538;538;1;0,5;0,5
Person;5;1519781730;537;537;1;0,5;0,5
Person;5;1519781760;536;536;1;0,5;0,5
Person;5;1519781790;535;535;1;0,5;0,5
Person;5;1519781820;534;534;1;0,5;0,5
Person;5;1519781850;533;533;1;0,5;0,5
Person;5;1519781880;532;532;1;0,5;0,5
Person;5;1519781910;531;531;1;0,5;0,5
Person;5;1519781940;530;530;1;0,5;0,5
Person;5;1519781970;529;529;1;0,5;0,5
Person;5;1519782000;528;528;1;0,5;0,5
Person;5;1519782030;527;527;1;0,5;0,5
Person;5;1519782060;526;526;1;0,5;0,5
Person;5;1519782090;525;525;1;0,5;0,5
Person;5;1519782120;524;524;1;0,5;0,5
Person;5;1519782150;523;523;1;0,5;0,5
Person;5;1519782180;522;522;1;0,5;0,5
Person;5;1519782210;521;521;1;0,5;0,5
Person;5;1519782240;520;520;1;0,5;0,5
Person;5;1519782270;519;519;1;0,5;0,5
Person;5;1519782300;518;518;1;0,5;0,5
Person;5;1519782330;517;517;1;0,5;0,5
Person;5;1519782360;516;516;1;0,5;0,5
Person;5;1519782390;515;515;1;0,5;0,5
Person;5;1519782420;514;514;1;0,5;0,5
Person;5;1519782450;513;513;1;0,5;0,5
Person;5;1519782480;512;512;1;0,5;0,5
Person;5;1519782510;511;511;1;0,5;0,5
Person;5;1519782540;510;510;1;0,5;0,5
Person;5;1519782570;509;509;1;0,5;0,5
Person;5;1519782600;508;508;1;0,5;0,5
Person;5;1519782630;507;507;1;0,5;0,5
Person;5;1519782660;506;506;1;0,5;0,5
Person;5;1519782690;505;505;1;0,5;0,5
Person;5;1519782720;504;504;1;0,5;0,5
Person;5;1519782750;503;503;1;0,5;0,5
Person;5;1519782780;502;502;1;0,5;0,5
Person;5;1519782810;501;501;1;0,5;0,5
Person;5;1519782840;500;500;1;0,5;0,5
Person;5;1519782870;499;499;1;0,5;0,5
Person;5;1519782900;498;498;1;0,5;0,5
Person;5;1519782930;497;497;1;0,5;0,5
Person;5;1519782960;496;496;1;0,5;0,5
Person;5;1519782990;495;495;1;0,5;0,5
Person;5;1519783020;494;494;1;0,5;0,5
Person;5;1519783050;493;493;1;0,5;0,5
Person;5;1519783080;492;492;1;0,5;0,5
Person;5;1519783110;491;491;1;0,5;0,5
Person;5;1519783140;490;490;1;0,5;0,5
